ISO-10303-21;
HEADER;
FILE_DESCRIPTION(('ViewDefinition[DesignTransferView]'),'2;1');
FILE_NAME('/dev/null','2026-05-25T17:44:42+05:00',(''),(''),'IfcOpenShell 0.8.5','IfcOpenShell 0.8.5','Nobody');
FILE_SCHEMA(('IFC4'));
ENDSEC;
DATA;
#1=IFCPROJECT('3wXVSc6zL99QHem4fhBgo3',$,'plana-generated',$,$,$,$,(#10),#5);
#2=IFCSIUNIT(*,.LENGTHUNIT.,$,.METRE.);
#3=IFCSIUNIT(*,.AREAUNIT.,$,.SQUARE_METRE.);
#4=IFCSIUNIT(*,.VOLUMEUNIT.,$,.CUBIC_METRE.);
#5=IFCUNITASSIGNMENT((#3,#4,#2));
#6=IFCCARTESIANPOINT((0.,0.,0.));
#7=IFCDIRECTION((0.,0.,1.));
#8=IFCDIRECTION((1.,0.,0.));
#9=IFCAXIS2PLACEMENT3D(#6,#7,#8);
#10=IFCGEOMETRICREPRESENTATIONCONTEXT($,'Model',3,1.0000000000000001E-05,#9,$);
#11=IFCGEOMETRICREPRESENTATIONSUBCONTEXT('Body','Model',*,*,*,*,#10,$,.MODEL_VIEW.,$);
#12=IFCSITE('2EPtUHNND5oecXZnnymqUo',$,'Site',$,$,$,$,$,$,$,$,$,$,$);
#13=IFCRELAGGREGATES('2lf8Ckg_z6pQm4Y3mv6Gp0',$,$,$,#1,(#12));
#14=IFCBUILDING('1EkC_Ls7rCHvkUIQC5oqaD',$,'Building 1',$,$,$,$,$,$,$,$,$);
#15=IFCRELAGGREGATES('2WlKJ3NX1Dtv2Jw8PiM8CD',$,$,$,#12,(#14));
#16=IFCBUILDINGSTOREY('2CFrX3xYL86Qfoc2ooa9d7',$,'\X2\042D044204300436\X0\ 1',$,$,#22,$,$,$,0.);
#17=IFCRELAGGREGATES('1W5ZsYo0L1duCmqjObJZaR',$,$,$,#14,(#1643,#16));
#18=IFCCARTESIANPOINT((0.,0.,0.));
#19=IFCDIRECTION((0.,0.,1.));
#20=IFCDIRECTION((1.,0.,0.));
#21=IFCAXIS2PLACEMENT3D(#18,#19,#20);
#22=IFCLOCALPLACEMENT($,#21);
#23=IFCSLAB('0IQFhVbB51ZQU53Ko$qaXx',$,'Slab-1',$,$,#1296,#41,$,$);
#29=IFCCARTESIANPOINT((0.,0.));
#30=IFCCARTESIANPOINT((24.,0.));
#31=IFCCARTESIANPOINT((24.,14.));
#32=IFCCARTESIANPOINT((0.,14.));
#33=IFCPOLYLINE((#29,#30,#31,#32,#29));
#34=IFCARBITRARYCLOSEDPROFILEDEF(.AREA.,$,#33);
#35=IFCDIRECTION((0.,0.,1.));
#36=IFCCARTESIANPOINT((0.,0.,0.));
#37=IFCAXIS2PLACEMENT3D(#36,$,$);
#38=IFCEXTRUDEDAREASOLID(#34,#37,#35,0.20000000000000001);
#39=IFCSHAPEREPRESENTATION(#11,'Body','SweptSolid',(#38));
#40=IFCPRODUCTDEFINITIONSHAPE($,$,(#39));
#41=IFCPRODUCTDEFINITIONSHAPE($,$,(#40));
#42=IFCWALL('2ByW25FSrFvAxxshZPeTvH',$,'W-1-1',$,$,#1116,#58,$,$);
#48=IFCCARTESIANPOINTLIST2D(((0.,0.),(0.,0.40000000000000002),(24.,0.40000000000000002),(24.,0.),(0.,0.)));
#49=IFCINDEXEDPOLYCURVE(#48,$,.F.);
#50=IFCDIRECTION((0.,0.,1.));
#51=IFCARBITRARYCLOSEDPROFILEDEF(.AREA.,$,#49);
#52=IFCCARTESIANPOINT((0.,0.,0.));
#53=IFCDIRECTION((0.,0.,1.));
#54=IFCDIRECTION((1.,0.,0.));
#55=IFCAXIS2PLACEMENT3D(#52,#53,#54);
#56=IFCEXTRUDEDAREASOLID(#51,#55,#50,3.);
#57=IFCSHAPEREPRESENTATION(#11,'Body','SweptSolid',(#56));
#58=IFCPRODUCTDEFINITIONSHAPE($,$,(#57));
#59=IFCWALL('0RE7Z5dZn3t9T2GIwpZdME',$,'W-1-2',$,$,#1206,#75,$,$);
#65=IFCCARTESIANPOINTLIST2D(((0.,0.),(0.,0.40000000000000002),(14.,0.40000000000000002),(14.,0.),(0.,0.)));
#66=IFCINDEXEDPOLYCURVE(#65,$,.F.);
#67=IFCDIRECTION((0.,0.,1.));
#68=IFCARBITRARYCLOSEDPROFILEDEF(.AREA.,$,#66);
#69=IFCCARTESIANPOINT((0.,0.,0.));
#70=IFCDIRECTION((0.,0.,1.));
#71=IFCDIRECTION((1.,0.,0.));
#72=IFCAXIS2PLACEMENT3D(#69,#70,#71);
#73=IFCEXTRUDEDAREASOLID(#68,#72,#67,3.);
#74=IFCSHAPEREPRESENTATION(#11,'Body','SweptSolid',(#73));
#75=IFCPRODUCTDEFINITIONSHAPE($,$,(#74));
#76=IFCWALL('1U2hudRin6sATUbPBIeKuW',$,'W-1-3',$,$,#1246,#92,$,$);
#82=IFCCARTESIANPOINTLIST2D(((0.,0.),(0.,0.40000000000000002),(24.,0.40000000000000002),(24.,0.),(0.,0.)));
#83=IFCINDEXEDPOLYCURVE(#82,$,.F.);
#84=IFCDIRECTION((0.,0.,1.));
#85=IFCARBITRARYCLOSEDPROFILEDEF(.AREA.,$,#83);
#86=IFCCARTESIANPOINT((0.,0.,0.));
#87=IFCDIRECTION((0.,0.,1.));
#88=IFCDIRECTION((1.,0.,0.));
#89=IFCAXIS2PLACEMENT3D(#86,#87,#88);
#90=IFCEXTRUDEDAREASOLID(#85,#89,#84,3.);
#91=IFCSHAPEREPRESENTATION(#11,'Body','SweptSolid',(#90));
#92=IFCPRODUCTDEFINITIONSHAPE($,$,(#91));
#93=IFCWALL('0yDrnqmx9B4fdRlCfviU8v',$,'W-1-4',$,$,#1326,#109,$,$);
#99=IFCCARTESIANPOINTLIST2D(((0.,0.),(0.,0.40000000000000002),(14.,0.40000000000000002),(14.,0.),(0.,0.)));
#100=IFCINDEXEDPOLYCURVE(#99,$,.F.);
#101=IFCDIRECTION((0.,0.,1.));
#102=IFCARBITRARYCLOSEDPROFILEDEF(.AREA.,$,#100);
#103=IFCCARTESIANPOINT((0.,0.,0.));
#104=IFCDIRECTION((0.,0.,1.));
#105=IFCDIRECTION((1.,0.,0.));
#106=IFCAXIS2PLACEMENT3D(#103,#104,#105);
#107=IFCEXTRUDEDAREASOLID(#102,#106,#101,3.);
#108=IFCSHAPEREPRESENTATION(#11,'Body','SweptSolid',(#107));
#109=IFCPRODUCTDEFINITIONSHAPE($,$,(#108));
#110=IFCWALL('0v3KoUX85AfRWKRRRcaNlI',$,'Core-1-1-1-S',$,$,#1401,#126,$,$);
#116=IFCCARTESIANPOINTLIST2D(((0.,0.),(0.,0.40000000000000002),(1.5,0.40000000000000002),(1.5,0.),(0.,0.)));
#117=IFCINDEXEDPOLYCURVE(#116,$,.F.);
#118=IFCDIRECTION((0.,0.,1.));
#119=IFCARBITRARYCLOSEDPROFILEDEF(.AREA.,$,#117);
#120=IFCCARTESIANPOINT((0.,0.,0.));
#121=IFCDIRECTION((0.,0.,1.));
#122=IFCDIRECTION((1.,0.,0.));
#123=IFCAXIS2PLACEMENT3D(#120,#121,#122);
#124=IFCEXTRUDEDAREASOLID(#119,#123,#118,3.);
#125=IFCSHAPEREPRESENTATION(#11,'Body','SweptSolid',(#124));
#126=IFCPRODUCTDEFINITIONSHAPE($,$,(#125));
#127=IFCWALL('2eKcY3cP56E8xhkqx_dmj9',$,'Core-1-1-1-E',$,$,#1211,#143,$,$);
#133=IFCCARTESIANPOINTLIST2D(((0.,0.),(0.,0.40000000000000002),(1.5,0.40000000000000002),(1.5,0.),(0.,0.)));
#134=IFCINDEXEDPOLYCURVE(#133,$,.F.);
#135=IFCDIRECTION((0.,0.,1.));
#136=IFCARBITRARYCLOSEDPROFILEDEF(.AREA.,$,#134);
#137=IFCCARTESIANPOINT((0.,0.,0.));
#138=IFCDIRECTION((0.,0.,1.));
#139=IFCDIRECTION((1.,0.,0.));
#140=IFCAXIS2PLACEMENT3D(#137,#138,#139);
#141=IFCEXTRUDEDAREASOLID(#136,#140,#135,3.);
#142=IFCSHAPEREPRESENTATION(#11,'Body','SweptSolid',(#141));
#143=IFCPRODUCTDEFINITIONSHAPE($,$,(#142));
#144=IFCWALL('3irBq2MuP5IwQO5$1HIsSs',$,'Core-1-1-1-N',$,$,#1281,#160,$,$);
#150=IFCCARTESIANPOINTLIST2D(((0.,0.),(0.,0.40000000000000002),(1.5,0.40000000000000002),(1.5,0.),(0.,0.)));
#151=IFCINDEXEDPOLYCURVE(#150,$,.F.);
#152=IFCDIRECTION((0.,0.,1.));
#153=IFCARBITRARYCLOSEDPROFILEDEF(.AREA.,$,#151);
#154=IFCCARTESIANPOINT((0.,0.,0.));
#155=IFCDIRECTION((0.,0.,1.));
#156=IFCDIRECTION((1.,0.,0.));
#157=IFCAXIS2PLACEMENT3D(#154,#155,#156);
#158=IFCEXTRUDEDAREASOLID(#153,#157,#152,3.);
#159=IFCSHAPEREPRESENTATION(#11,'Body','SweptSolid',(#158));
#160=IFCPRODUCTDEFINITIONSHAPE($,$,(#159));
#161=IFCWALL('3ynxZM975BHeEYwzhazQGm',$,'Core-1-1-1-W',$,$,#1371,#177,$,$);
#167=IFCCARTESIANPOINTLIST2D(((0.,0.),(0.,0.40000000000000002),(1.5,0.40000000000000002),(1.5,0.),(0.,0.)));
#168=IFCINDEXEDPOLYCURVE(#167,$,.F.);
#169=IFCDIRECTION((0.,0.,1.));
#170=IFCARBITRARYCLOSEDPROFILEDEF(.AREA.,$,#168);
#171=IFCCARTESIANPOINT((0.,0.,0.));
#172=IFCDIRECTION((0.,0.,1.));
#173=IFCDIRECTION((1.,0.,0.));
#174=IFCAXIS2PLACEMENT3D(#171,#172,#173);
#175=IFCEXTRUDEDAREASOLID(#170,#174,#169,3.);
#176=IFCSHAPEREPRESENTATION(#11,'Body','SweptSolid',(#175));
#177=IFCPRODUCTDEFINITIONSHAPE($,$,(#176));
#178=IFCWALL('2MUsiR07f61OdveSvsfOm1',$,'Core-1-1-2-S',$,$,#1151,#194,$,$);
#184=IFCCARTESIANPOINTLIST2D(((0.,0.),(0.,0.40000000000000002),(2.0999999999999996,0.40000000000000002),(2.0999999999999996,0.),(0.,0.)));
#185=IFCINDEXEDPOLYCURVE(#184,$,.F.);
#186=IFCDIRECTION((0.,0.,1.));
#187=IFCARBITRARYCLOSEDPROFILEDEF(.AREA.,$,#185);
#188=IFCCARTESIANPOINT((0.,0.,0.));
#189=IFCDIRECTION((0.,0.,1.));
#190=IFCDIRECTION((1.,0.,0.));
#191=IFCAXIS2PLACEMENT3D(#188,#189,#190);
#192=IFCEXTRUDEDAREASOLID(#187,#191,#186,3.);
#193=IFCSHAPEREPRESENTATION(#11,'Body','SweptSolid',(#192));
#194=IFCPRODUCTDEFINITIONSHAPE($,$,(#193));
#195=IFCWALL('35IeJg0kP5PxyHhr1Efc2Y',$,'Core-1-1-2-E',$,$,#1241,#211,$,$);
#201=IFCCARTESIANPOINTLIST2D(((0.,0.),(0.,0.40000000000000002),(5.5,0.40000000000000002),(5.5,0.),(0.,0.)));
#202=IFCINDEXEDPOLYCURVE(#201,$,.F.);
#203=IFCDIRECTION((0.,0.,1.));
#204=IFCARBITRARYCLOSEDPROFILEDEF(.AREA.,$,#202);
#205=IFCCARTESIANPOINT((0.,0.,0.));
#206=IFCDIRECTION((0.,0.,1.));
#207=IFCDIRECTION((1.,0.,0.));
#208=IFCAXIS2PLACEMENT3D(#205,#206,#207);
#209=IFCEXTRUDEDAREASOLID(#204,#208,#203,3.);
#210=IFCSHAPEREPRESENTATION(#11,'Body','SweptSolid',(#209));
#211=IFCPRODUCTDEFINITIONSHAPE($,$,(#210));
#212=IFCWALL('0EwPQkZ2DAXRDe75MmJ7GX',$,'Core-1-1-2-N',$,$,#1321,#228,$,$);
#218=IFCCARTESIANPOINTLIST2D(((0.,0.),(0.,0.40000000000000002),(2.0999999999999996,0.40000000000000002),(2.0999999999999996,0.),(0.,0.)));
#219=IFCINDEXEDPOLYCURVE(#218,$,.F.);
#220=IFCDIRECTION((0.,0.,1.));
#221=IFCARBITRARYCLOSEDPROFILEDEF(.AREA.,$,#219);
#222=IFCCARTESIANPOINT((0.,0.,0.));
#223=IFCDIRECTION((0.,0.,1.));
#224=IFCDIRECTION((1.,0.,0.));
#225=IFCAXIS2PLACEMENT3D(#222,#223,#224);
#226=IFCEXTRUDEDAREASOLID(#221,#225,#220,3.);
#227=IFCSHAPEREPRESENTATION(#11,'Body','SweptSolid',(#226));
#228=IFCPRODUCTDEFINITIONSHAPE($,$,(#227));
#229=IFCWALL('3FgDGLjtnBAQPH92dz3mFB',$,'Core-1-1-2-W',$,$,#1111,#245,$,$);
#235=IFCCARTESIANPOINTLIST2D(((0.,0.),(0.,0.40000000000000002),(5.5,0.40000000000000002),(5.5,0.),(0.,0.)));
#236=IFCINDEXEDPOLYCURVE(#235,$,.F.);
#237=IFCDIRECTION((0.,0.,1.));
#238=IFCARBITRARYCLOSEDPROFILEDEF(.AREA.,$,#236);
#239=IFCCARTESIANPOINT((0.,0.,0.));
#240=IFCDIRECTION((0.,0.,1.));
#241=IFCDIRECTION((1.,0.,0.));
#242=IFCAXIS2PLACEMENT3D(#239,#240,#241);
#243=IFCEXTRUDEDAREASOLID(#238,#242,#237,3.);
#244=IFCSHAPEREPRESENTATION(#11,'Body','SweptSolid',(#243));
#245=IFCPRODUCTDEFINITIONSHAPE($,$,(#244));
#246=IFCSTAIR('39obWB9ErFL954qvRondr9',$,'Stair-1-1',$,$,#1201,#264,$,$);
#252=IFCCARTESIANPOINT((0.,0.));
#253=IFCCARTESIANPOINT((1.3,0.));
#254=IFCCARTESIANPOINT((1.3,4.7000000000000002));
#255=IFCCARTESIANPOINT((0.,4.7000000000000002));
#256=IFCPOLYLINE((#252,#253,#254,#255,#252));
#257=IFCARBITRARYCLOSEDPROFILEDEF(.AREA.,$,#256);
#258=IFCDIRECTION((0.,0.,1.));
#259=IFCCARTESIANPOINT((0.,0.,0.));
#260=IFCAXIS2PLACEMENT3D(#259,$,$);
#261=IFCEXTRUDEDAREASOLID(#257,#260,#258,2.7999999999999998);
#262=IFCSHAPEREPRESENTATION(#11,'Body','SweptSolid',(#261));
#263=IFCPRODUCTDEFINITIONSHAPE($,$,(#262));
#264=IFCPRODUCTDEFINITIONSHAPE($,$,(#263));
#265=IFCWALL('2Oj7f8wK92AfHJjPApWfNP',$,'Corr-1-1-S',$,$,#1301,#281,$,$);
#271=IFCCARTESIANPOINTLIST2D(((0.,0.),(0.,0.12),(24.,0.12),(24.,0.),(0.,0.)));
#272=IFCINDEXEDPOLYCURVE(#271,$,.F.);
#273=IFCDIRECTION((0.,0.,1.));
#274=IFCARBITRARYCLOSEDPROFILEDEF(.AREA.,$,#272);
#275=IFCCARTESIANPOINT((0.,0.,0.));
#276=IFCDIRECTION((0.,0.,1.));
#277=IFCDIRECTION((1.,0.,0.));
#278=IFCAXIS2PLACEMENT3D(#275,#276,#277);
#279=IFCEXTRUDEDAREASOLID(#274,#278,#273,3.);
#280=IFCSHAPEREPRESENTATION(#11,'Body','SweptSolid',(#279));
#281=IFCPRODUCTDEFINITIONSHAPE($,$,(#280));
#282=IFCWALL('336DQKJ5j1Zx1fArJtiYBa',$,'Corr-1-1-N',$,$,#1386,#298,$,$);
#288=IFCCARTESIANPOINTLIST2D(((0.,0.),(0.,0.12),(24.,0.12),(24.,0.),(0.,0.)));
#289=IFCINDEXEDPOLYCURVE(#288,$,.F.);
#290=IFCDIRECTION((0.,0.,1.));
#291=IFCARBITRARYCLOSEDPROFILEDEF(.AREA.,$,#289);
#292=IFCCARTESIANPOINT((0.,0.,0.));
#293=IFCDIRECTION((0.,0.,1.));
#294=IFCDIRECTION((1.,0.,0.));
#295=IFCAXIS2PLACEMENT3D(#292,#293,#294);
#296=IFCEXTRUDEDAREASOLID(#291,#295,#290,3.);
#297=IFCSHAPEREPRESENTATION(#11,'Body','SweptSolid',(#296));
#298=IFCPRODUCTDEFINITIONSHAPE($,$,(#297));
#299=IFCWALL('3WGe3DnJLCVO__Jl4g79Ll',$,'Room-1-1-1-1-S-pre0',$,$,#1166,#315,$,$);
#305=IFCCARTESIANPOINTLIST2D(((0.,0.),(0.,0.12),(0.99999999999999989,0.12),(0.99999999999999989,0.),(0.,0.)));
#306=IFCINDEXEDPOLYCURVE(#305,$,.F.);
#307=IFCDIRECTION((0.,0.,1.));
#308=IFCARBITRARYCLOSEDPROFILEDEF(.AREA.,$,#306);
#309=IFCCARTESIANPOINT((0.,0.,0.));
#310=IFCDIRECTION((0.,0.,1.));
#311=IFCDIRECTION((1.,0.,0.));
#312=IFCAXIS2PLACEMENT3D(#309,#310,#311);
#313=IFCEXTRUDEDAREASOLID(#308,#312,#307,3.);
#314=IFCSHAPEREPRESENTATION(#11,'Body','SweptSolid',(#313));
#315=IFCPRODUCTDEFINITIONSHAPE($,$,(#314));
#316=IFCWALL('0ewxDUyiH8ax1yDArH7vGv',$,'Room-1-1-1-1-S-sill0',$,$,#1261,#332,$,$);
#322=IFCCARTESIANPOINTLIST2D(((0.,0.),(0.,0.12),(1.7999999999999998,0.12),(1.7999999999999998,0.),(0.,0.)));
#323=IFCINDEXEDPOLYCURVE(#322,$,.F.);
#324=IFCDIRECTION((0.,0.,1.));
#325=IFCARBITRARYCLOSEDPROFILEDEF(.AREA.,$,#323);
#326=IFCCARTESIANPOINT((0.,0.,0.));
#327=IFCDIRECTION((0.,0.,1.));
#328=IFCDIRECTION((1.,0.,0.));
#329=IFCAXIS2PLACEMENT3D(#326,#327,#328);
#330=IFCEXTRUDEDAREASOLID(#325,#329,#324,0.90000000000000002);
#331=IFCSHAPEREPRESENTATION(#11,'Body','SweptSolid',(#330));
#332=IFCPRODUCTDEFINITIONSHAPE($,$,(#331));
#333=IFCWALL('3cIfdcWOb0ofH87yZva$DT',$,'Room-1-1-1-1-S-lin0',$,$,#1356,#349,$,$);
#339=IFCCARTESIANPOINTLIST2D(((0.,0.),(0.,0.12),(1.7999999999999998,0.12),(1.7999999999999998,0.),(0.,0.)));
#340=IFCINDEXEDPOLYCURVE(#339,$,.F.);
#341=IFCDIRECTION((0.,0.,1.));
#342=IFCARBITRARYCLOSEDPROFILEDEF(.AREA.,$,#340);
#343=IFCCARTESIANPOINT((0.,0.,0.));
#344=IFCDIRECTION((0.,0.,1.));
#345=IFCDIRECTION((1.,0.,0.));
#346=IFCAXIS2PLACEMENT3D(#343,#344,#345);
#347=IFCEXTRUDEDAREASOLID(#342,#346,#341,0.60000000000000009);
#348=IFCSHAPEREPRESENTATION(#11,'Body','SweptSolid',(#347));
#349=IFCPRODUCTDEFINITIONSHAPE($,$,(#348));
#350=IFCWINDOW('0_igaiUYzDFf2EeNXDPINY',$,'Room-1-1-1-1-S-window',$,$,#1131,#368,$,$,$,$,$,$);
#356=IFCCARTESIANPOINT((0.,0.039999999999999994));
#357=IFCCARTESIANPOINT((1.8,0.039999999999999994));
#358=IFCCARTESIANPOINT((1.8,0.079999999999999988));
#359=IFCCARTESIANPOINT((0.,0.079999999999999988));
#360=IFCPOLYLINE((#356,#357,#358,#359,#356));
#361=IFCARBITRARYCLOSEDPROFILEDEF(.AREA.,$,#360);
#362=IFCDIRECTION((0.,0.,1.));
#363=IFCCARTESIANPOINT((0.,0.,0.));
#364=IFCAXIS2PLACEMENT3D(#363,$,$);
#365=IFCEXTRUDEDAREASOLID(#361,#364,#362,1.5);
#366=IFCSHAPEREPRESENTATION(#11,'Body','SweptSolid',(#365));
#367=IFCPRODUCTDEFINITIONSHAPE($,$,(#366));
#368=IFCPRODUCTDEFINITIONSHAPE($,$,(#367));
#369=IFCWALL('2xi8H9Wm519RJnlwprzfDH',$,'Room-1-1-1-1-S-post',$,$,#1251,#385,$,$);
#375=IFCCARTESIANPOINTLIST2D(((0.,0.),(0.,0.12),(1.7000000000000006,0.12),(1.7000000000000006,0.),(0.,0.)));
#376=IFCINDEXEDPOLYCURVE(#375,$,.F.);
#377=IFCDIRECTION((0.,0.,1.));
#378=IFCARBITRARYCLOSEDPROFILEDEF(.AREA.,$,#376);
#379=IFCCARTESIANPOINT((0.,0.,0.));
#380=IFCDIRECTION((0.,0.,1.));
#381=IFCDIRECTION((1.,0.,0.));
#382=IFCAXIS2PLACEMENT3D(#379,#380,#381);
#383=IFCEXTRUDEDAREASOLID(#378,#382,#377,3.);
#384=IFCSHAPEREPRESENTATION(#11,'Body','SweptSolid',(#383));
#385=IFCPRODUCTDEFINITIONSHAPE($,$,(#384));
#386=IFCWALL('33CZsG1gvDlOnSEZG5BsXq',$,'Room-1-1-1-1-E-post',$,$,#1286,#402,$,$);
#392=IFCCARTESIANPOINTLIST2D(((0.,0.),(0.,0.12),(5.5999999999999996,0.12),(5.5999999999999996,0.),(0.,0.)));
#393=IFCINDEXEDPOLYCURVE(#392,$,.F.);
#394=IFCDIRECTION((0.,0.,1.));
#395=IFCARBITRARYCLOSEDPROFILEDEF(.AREA.,$,#393);
#396=IFCCARTESIANPOINT((0.,0.,0.));
#397=IFCDIRECTION((0.,0.,1.));
#398=IFCDIRECTION((1.,0.,0.));
#399=IFCAXIS2PLACEMENT3D(#396,#397,#398);
#400=IFCEXTRUDEDAREASOLID(#395,#399,#394,3.);
#401=IFCSHAPEREPRESENTATION(#11,'Body','SweptSolid',(#400));
#402=IFCPRODUCTDEFINITIONSHAPE($,$,(#401));
#403=IFCWALL('3TVZl3HJvAjeUJrSOidVWf',$,'Room-1-1-1-1-N-post',$,$,#1376,#419,$,$);
#409=IFCCARTESIANPOINTLIST2D(((0.,0.),(0.,0.12),(4.5,0.12),(4.5,0.),(0.,0.)));
#410=IFCINDEXEDPOLYCURVE(#409,$,.F.);
#411=IFCDIRECTION((0.,0.,1.));
#412=IFCARBITRARYCLOSEDPROFILEDEF(.AREA.,$,#410);
#413=IFCCARTESIANPOINT((0.,0.,0.));
#414=IFCDIRECTION((0.,0.,1.));
#415=IFCDIRECTION((1.,0.,0.));
#416=IFCAXIS2PLACEMENT3D(#413,#414,#415);
#417=IFCEXTRUDEDAREASOLID(#412,#416,#411,3.);
#418=IFCSHAPEREPRESENTATION(#11,'Body','SweptSolid',(#417));
#419=IFCPRODUCTDEFINITIONSHAPE($,$,(#418));
#420=IFCWALL('32cKmT$fjE$9sqkPCrRDj3',$,'Room-1-1-1-1-W-post',$,$,#1156,#436,$,$);
#426=IFCCARTESIANPOINTLIST2D(((0.,0.),(0.,0.12),(5.5999999999999996,0.12),(5.5999999999999996,0.),(0.,0.)));
#427=IFCINDEXEDPOLYCURVE(#426,$,.F.);
#428=IFCDIRECTION((0.,0.,1.));
#429=IFCARBITRARYCLOSEDPROFILEDEF(.AREA.,$,#427);
#430=IFCCARTESIANPOINT((0.,0.,0.));
#431=IFCDIRECTION((0.,0.,1.));
#432=IFCDIRECTION((1.,0.,0.));
#433=IFCAXIS2PLACEMENT3D(#430,#431,#432);
#434=IFCEXTRUDEDAREASOLID(#429,#433,#428,3.);
#435=IFCSHAPEREPRESENTATION(#11,'Body','SweptSolid',(#434));
#436=IFCPRODUCTDEFINITIONSHAPE($,$,(#435));
#437=IFCWALL('3B3H2O5CL2VwCH9XOtXzld',$,'Room-1-1-1-2-S-pre0',$,$,#1256,#453,$,$);
#443=IFCCARTESIANPOINTLIST2D(((0.,0.),(0.,0.12),(0.59999999999999964,0.12),(0.59999999999999964,0.),(0.,0.)));
#444=IFCINDEXEDPOLYCURVE(#443,$,.F.);
#445=IFCDIRECTION((0.,0.,1.));
#446=IFCARBITRARYCLOSEDPROFILEDEF(.AREA.,$,#444);
#447=IFCCARTESIANPOINT((0.,0.,0.));
#448=IFCDIRECTION((0.,0.,1.));
#449=IFCDIRECTION((1.,0.,0.));
#450=IFCAXIS2PLACEMENT3D(#447,#448,#449);
#451=IFCEXTRUDEDAREASOLID(#446,#450,#445,3.);
#452=IFCSHAPEREPRESENTATION(#11,'Body','SweptSolid',(#451));
#453=IFCPRODUCTDEFINITIONSHAPE($,$,(#452));
#454=IFCWALL('2doVlXMh97TxTcxZPtms29',$,'Room-1-1-1-2-S-sill0',$,$,#1341,#470,$,$);
#460=IFCCARTESIANPOINTLIST2D(((0.,0.),(0.,0.12),(1.5,0.12),(1.5,0.),(0.,0.)));
#461=IFCINDEXEDPOLYCURVE(#460,$,.F.);
#462=IFCDIRECTION((0.,0.,1.));
#463=IFCARBITRARYCLOSEDPROFILEDEF(.AREA.,$,#461);
#464=IFCCARTESIANPOINT((0.,0.,0.));
#465=IFCDIRECTION((0.,0.,1.));
#466=IFCDIRECTION((1.,0.,0.));
#467=IFCAXIS2PLACEMENT3D(#464,#465,#466);
#468=IFCEXTRUDEDAREASOLID(#463,#467,#462,0.90000000000000002);
#469=IFCSHAPEREPRESENTATION(#11,'Body','SweptSolid',(#468));
#470=IFCPRODUCTDEFINITIONSHAPE($,$,(#469));
#471=IFCWALL('1mV4rJ5pXB0BKPY$D0uGXZ',$,'Room-1-1-1-2-S-lin0',$,$,#1121,#487,$,$);
#477=IFCCARTESIANPOINTLIST2D(((0.,0.),(0.,0.12),(1.5,0.12),(1.5,0.),(0.,0.)));
#478=IFCINDEXEDPOLYCURVE(#477,$,.F.);
#479=IFCDIRECTION((0.,0.,1.));
#480=IFCARBITRARYCLOSEDPROFILEDEF(.AREA.,$,#478);
#481=IFCCARTESIANPOINT((0.,0.,0.));
#482=IFCDIRECTION((0.,0.,1.));
#483=IFCDIRECTION((1.,0.,0.));
#484=IFCAXIS2PLACEMENT3D(#481,#482,#483);
#485=IFCEXTRUDEDAREASOLID(#480,#484,#479,0.60000000000000009);
#486=IFCSHAPEREPRESENTATION(#11,'Body','SweptSolid',(#485));
#487=IFCPRODUCTDEFINITIONSHAPE($,$,(#486));
#488=IFCWINDOW('3xsDOwhkP7I8IMHxT0xDeW',$,'Room-1-1-1-2-S-window',$,$,#1216,#506,$,$,$,$,$,$);
#494=IFCCARTESIANPOINT((0.,0.039999999999999994));
#495=IFCCARTESIANPOINT((1.5,0.039999999999999994));
#496=IFCCARTESIANPOINT((1.5,0.079999999999999988));
#497=IFCCARTESIANPOINT((0.,0.079999999999999988));
#498=IFCPOLYLINE((#494,#495,#496,#497,#494));
#499=IFCARBITRARYCLOSEDPROFILEDEF(.AREA.,$,#498);
#500=IFCDIRECTION((0.,0.,1.));
#501=IFCCARTESIANPOINT((0.,0.,0.));
#502=IFCAXIS2PLACEMENT3D(#501,$,$);
#503=IFCEXTRUDEDAREASOLID(#499,#502,#500,1.5);
#504=IFCSHAPEREPRESENTATION(#11,'Body','SweptSolid',(#503));
#505=IFCPRODUCTDEFINITIONSHAPE($,$,(#504));
#506=IFCPRODUCTDEFINITIONSHAPE($,$,(#505));
#507=IFCWALL('1TGtjDuof1xQyVbgMvspob',$,'Room-1-1-1-2-S-post',$,$,#1306,#523,$,$);
#513=IFCCARTESIANPOINTLIST2D(((0.,0.),(0.,0.12),(0.90000000000000036,0.12),(0.90000000000000036,0.),(0.,0.)));
#514=IFCINDEXEDPOLYCURVE(#513,$,.F.);
#515=IFCDIRECTION((0.,0.,1.));
#516=IFCARBITRARYCLOSEDPROFILEDEF(.AREA.,$,#514);
#517=IFCCARTESIANPOINT((0.,0.,0.));
#518=IFCDIRECTION((0.,0.,1.));
#519=IFCDIRECTION((1.,0.,0.));
#520=IFCAXIS2PLACEMENT3D(#517,#518,#519);
#521=IFCEXTRUDEDAREASOLID(#516,#520,#515,3.);
#522=IFCSHAPEREPRESENTATION(#11,'Body','SweptSolid',(#521));
#523=IFCPRODUCTDEFINITIONSHAPE($,$,(#522));
#524=IFCWALL('0I99AP9RT0hgZ$Yt6keAJF',$,'Room-1-1-1-2-E-post',$,$,#1391,#540,$,$);
#530=IFCCARTESIANPOINTLIST2D(((0.,0.),(0.,0.12),(3.,0.12),(3.,0.),(0.,0.)));
#531=IFCINDEXEDPOLYCURVE(#530,$,.F.);
#532=IFCDIRECTION((0.,0.,1.));
#533=IFCARBITRARYCLOSEDPROFILEDEF(.AREA.,$,#531);
#534=IFCCARTESIANPOINT((0.,0.,0.));
#535=IFCDIRECTION((0.,0.,1.));
#536=IFCDIRECTION((1.,0.,0.));
#537=IFCAXIS2PLACEMENT3D(#534,#535,#536);
#538=IFCEXTRUDEDAREASOLID(#533,#537,#532,3.);
#539=IFCSHAPEREPRESENTATION(#11,'Body','SweptSolid',(#538));
#540=IFCPRODUCTDEFINITIONSHAPE($,$,(#539));
#541=IFCWALL('3wFFfDCSb8MBcGBn2Y$1r5',$,'Room-1-1-1-2-N-post',$,$,#1171,#557,$,$);
#547=IFCCARTESIANPOINTLIST2D(((0.,0.),(0.,0.12),(3.,0.12),(3.,0.),(0.,0.)));
#548=IFCINDEXEDPOLYCURVE(#547,$,.F.);
#549=IFCDIRECTION((0.,0.,1.));
#550=IFCARBITRARYCLOSEDPROFILEDEF(.AREA.,$,#548);
#551=IFCCARTESIANPOINT((0.,0.,0.));
#552=IFCDIRECTION((0.,0.,1.));
#553=IFCDIRECTION((1.,0.,0.));
#554=IFCAXIS2PLACEMENT3D(#551,#552,#553);
#555=IFCEXTRUDEDAREASOLID(#550,#554,#549,3.);
#556=IFCSHAPEREPRESENTATION(#11,'Body','SweptSolid',(#555));
#557=IFCPRODUCTDEFINITIONSHAPE($,$,(#556));
#558=IFCWALL('37MARAngv6KxcwfR3aXQu7',$,'Room-1-1-1-2-W-post',$,$,#1271,#574,$,$);
#564=IFCCARTESIANPOINTLIST2D(((0.,0.),(0.,0.12),(3.,0.12),(3.,0.),(0.,0.)));
#565=IFCINDEXEDPOLYCURVE(#564,$,.F.);
#566=IFCDIRECTION((0.,0.,1.));
#567=IFCARBITRARYCLOSEDPROFILEDEF(.AREA.,$,#565);
#568=IFCCARTESIANPOINT((0.,0.,0.));
#569=IFCDIRECTION((0.,0.,1.));
#570=IFCDIRECTION((1.,0.,0.));
#571=IFCAXIS2PLACEMENT3D(#568,#569,#570);
#572=IFCEXTRUDEDAREASOLID(#567,#571,#566,3.);
#573=IFCSHAPEREPRESENTATION(#11,'Body','SweptSolid',(#572));
#574=IFCPRODUCTDEFINITIONSHAPE($,$,(#573));
#575=IFCWALL('1MZW2tIzPBSQ0vAeeICToS',$,'Room-1-1-1-3-S-post',$,$,#1361,#591,$,$);
#581=IFCCARTESIANPOINTLIST2D(((0.,0.),(0.,0.12),(2.5,0.12),(2.5,0.),(0.,0.)));
#582=IFCINDEXEDPOLYCURVE(#581,$,.F.);
#583=IFCDIRECTION((0.,0.,1.));
#584=IFCARBITRARYCLOSEDPROFILEDEF(.AREA.,$,#582);
#585=IFCCARTESIANPOINT((0.,0.,0.));
#586=IFCDIRECTION((0.,0.,1.));
#587=IFCDIRECTION((1.,0.,0.));
#588=IFCAXIS2PLACEMENT3D(#585,#586,#587);
#589=IFCEXTRUDEDAREASOLID(#584,#588,#583,3.);
#590=IFCSHAPEREPRESENTATION(#11,'Body','SweptSolid',(#589));
#591=IFCPRODUCTDEFINITIONSHAPE($,$,(#590));
#592=IFCWALL('23wzFWCFX5WfG4b5$6b8yb',$,'Room-1-1-1-3-E-post',$,$,#1136,#608,$,$);
#598=IFCCARTESIANPOINTLIST2D(((0.,0.),(0.,0.12),(3.5,0.12),(3.5,0.),(0.,0.)));
#599=IFCINDEXEDPOLYCURVE(#598,$,.F.);
#600=IFCDIRECTION((0.,0.,1.));
#601=IFCARBITRARYCLOSEDPROFILEDEF(.AREA.,$,#599);
#602=IFCCARTESIANPOINT((0.,0.,0.));
#603=IFCDIRECTION((0.,0.,1.));
#604=IFCDIRECTION((1.,0.,0.));
#605=IFCAXIS2PLACEMENT3D(#602,#603,#604);
#606=IFCEXTRUDEDAREASOLID(#601,#605,#600,3.);
#607=IFCSHAPEREPRESENTATION(#11,'Body','SweptSolid',(#606));
#608=IFCPRODUCTDEFINITIONSHAPE($,$,(#607));
#609=IFCWALL('2i74W8nHH0BQwWkFdGVhJO',$,'Room-1-1-1-3-N-pre0',$,$,#1226,#625,$,$);
#615=IFCCARTESIANPOINTLIST2D(((0.,0.),(0.,0.12),(0.5,0.12),(0.5,0.),(0.,0.)));
#616=IFCINDEXEDPOLYCURVE(#615,$,.F.);
#617=IFCDIRECTION((0.,0.,1.));
#618=IFCARBITRARYCLOSEDPROFILEDEF(.AREA.,$,#616);
#619=IFCCARTESIANPOINT((0.,0.,0.));
#620=IFCDIRECTION((0.,0.,1.));
#621=IFCDIRECTION((1.,0.,0.));
#622=IFCAXIS2PLACEMENT3D(#619,#620,#621);
#623=IFCEXTRUDEDAREASOLID(#618,#622,#617,3.);
#624=IFCSHAPEREPRESENTATION(#11,'Body','SweptSolid',(#623));
#625=IFCPRODUCTDEFINITIONSHAPE($,$,(#624));
#626=IFCWALL('3MsZ28IFvDsBkTVE0DoPIU',$,'Room-1-1-1-3-N-lin0',$,$,#1311,#642,$,$);
#632=IFCCARTESIANPOINTLIST2D(((0.,0.),(0.,0.12),(0.90000000000000036,0.12),(0.90000000000000036,0.),(0.,0.)));
#633=IFCINDEXEDPOLYCURVE(#632,$,.F.);
#634=IFCDIRECTION((0.,0.,1.));
#635=IFCARBITRARYCLOSEDPROFILEDEF(.AREA.,$,#633);
#636=IFCCARTESIANPOINT((0.,0.,0.));
#637=IFCDIRECTION((0.,0.,1.));
#638=IFCDIRECTION((1.,0.,0.));
#639=IFCAXIS2PLACEMENT3D(#636,#637,#638);
#640=IFCEXTRUDEDAREASOLID(#635,#639,#634,0.89999999999999991);
#641=IFCSHAPEREPRESENTATION(#11,'Body','SweptSolid',(#640));
#642=IFCPRODUCTDEFINITIONSHAPE($,$,(#641));
#643=IFCDOOR('1e_nnSeG58vuahT4h3h8ZN',$,'Room-1-1-1-3-N-door',$,$,#1396,#661,$,$,$,$,$,$);
#649=IFCCARTESIANPOINT((0.,0.039999999999999994));
#650=IFCCARTESIANPOINT((0.90000000000000002,0.039999999999999994));
#651=IFCCARTESIANPOINT((0.90000000000000002,0.079999999999999988));
#652=IFCCARTESIANPOINT((0.,0.079999999999999988));
#653=IFCPOLYLINE((#649,#650,#651,#652,#649));
#654=IFCARBITRARYCLOSEDPROFILEDEF(.AREA.,$,#653);
#655=IFCDIRECTION((0.,0.,1.));
#656=IFCCARTESIANPOINT((0.,0.,0.));
#657=IFCAXIS2PLACEMENT3D(#656,$,$);
#658=IFCEXTRUDEDAREASOLID(#654,#657,#655,2.1000000000000001);
#659=IFCSHAPEREPRESENTATION(#11,'Body','SweptSolid',(#658));
#660=IFCPRODUCTDEFINITIONSHAPE($,$,(#659));
#661=IFCPRODUCTDEFINITIONSHAPE($,$,(#660));
#662=IFCWALL('1UyFru2sv5iwZBrWUrO5ff',$,'Room-1-1-1-3-N-post',$,$,#1161,#678,$,$);
#668=IFCCARTESIANPOINTLIST2D(((0.,0.),(0.,0.12),(1.0999999999999996,0.12),(1.0999999999999996,0.),(0.,0.)));
#669=IFCINDEXEDPOLYCURVE(#668,$,.F.);
#670=IFCDIRECTION((0.,0.,1.));
#671=IFCARBITRARYCLOSEDPROFILEDEF(.AREA.,$,#669);
#672=IFCCARTESIANPOINT((0.,0.,0.));
#673=IFCDIRECTION((0.,0.,1.));
#674=IFCDIRECTION((1.,0.,0.));
#675=IFCAXIS2PLACEMENT3D(#672,#673,#674);
#676=IFCEXTRUDEDAREASOLID(#671,#675,#670,3.);
#677=IFCSHAPEREPRESENTATION(#11,'Body','SweptSolid',(#676));
#678=IFCPRODUCTDEFINITIONSHAPE($,$,(#677));
#679=IFCWALL('19y5NX1rzFTvR0$xEu4i8e',$,'Room-1-1-1-3-W-post',$,$,#1291,#695,$,$);
#685=IFCCARTESIANPOINTLIST2D(((0.,0.),(0.,0.12),(3.5,0.12),(3.5,0.),(0.,0.)));
#686=IFCINDEXEDPOLYCURVE(#685,$,.F.);
#687=IFCDIRECTION((0.,0.,1.));
#688=IFCARBITRARYCLOSEDPROFILEDEF(.AREA.,$,#686);
#689=IFCCARTESIANPOINT((0.,0.,0.));
#690=IFCDIRECTION((0.,0.,1.));
#691=IFCDIRECTION((1.,0.,0.));
#692=IFCAXIS2PLACEMENT3D(#689,#690,#691);
#693=IFCEXTRUDEDAREASOLID(#688,#692,#687,3.);
#694=IFCSHAPEREPRESENTATION(#11,'Body','SweptSolid',(#693));
#695=IFCPRODUCTDEFINITIONSHAPE($,$,(#694));
#696=IFCWALL('29B9fsaDfDsOHdK0CN411e',$,'Room-1-1-1-4-S-post',$,$,#1346,#712,$,$);
#702=IFCCARTESIANPOINTLIST2D(((0.,0.),(0.,0.12),(2.,0.12),(2.,0.),(0.,0.)));
#703=IFCINDEXEDPOLYCURVE(#702,$,.F.);
#704=IFCDIRECTION((0.,0.,1.));
#705=IFCARBITRARYCLOSEDPROFILEDEF(.AREA.,$,#703);
#706=IFCCARTESIANPOINT((0.,0.,0.));
#707=IFCDIRECTION((0.,0.,1.));
#708=IFCDIRECTION((1.,0.,0.));
#709=IFCAXIS2PLACEMENT3D(#706,#707,#708);
#710=IFCEXTRUDEDAREASOLID(#705,#709,#704,3.);
#711=IFCSHAPEREPRESENTATION(#11,'Body','SweptSolid',(#710));
#712=IFCPRODUCTDEFINITIONSHAPE($,$,(#711));
#713=IFCWALL('1kum57wNjCnBUVhoSiBgCc',$,'Room-1-1-1-4-E-post',$,$,#1126,#729,$,$);
#719=IFCCARTESIANPOINTLIST2D(((0.,0.),(0.,0.12),(2.6000000000000001,0.12),(2.6000000000000001,0.),(0.,0.)));
#720=IFCINDEXEDPOLYCURVE(#719,$,.F.);
#721=IFCDIRECTION((0.,0.,1.));
#722=IFCARBITRARYCLOSEDPROFILEDEF(.AREA.,$,#720);
#723=IFCCARTESIANPOINT((0.,0.,0.));
#724=IFCDIRECTION((0.,0.,1.));
#725=IFCDIRECTION((1.,0.,0.));
#726=IFCAXIS2PLACEMENT3D(#723,#724,#725);
#727=IFCEXTRUDEDAREASOLID(#722,#726,#721,3.);
#728=IFCSHAPEREPRESENTATION(#11,'Body','SweptSolid',(#727));
#729=IFCPRODUCTDEFINITIONSHAPE($,$,(#728));
#730=IFCWALL('3IcScCr4DECx5kl7XshIpR',$,'Room-1-1-1-4-N-pre0',$,$,#1221,#746,$,$);
#736=IFCCARTESIANPOINTLIST2D(((0.,0.),(0.,0.12),(0.5,0.12),(0.5,0.),(0.,0.)));
#737=IFCINDEXEDPOLYCURVE(#736,$,.F.);
#738=IFCDIRECTION((0.,0.,1.));
#739=IFCARBITRARYCLOSEDPROFILEDEF(.AREA.,$,#737);
#740=IFCCARTESIANPOINT((0.,0.,0.));
#741=IFCDIRECTION((0.,0.,1.));
#742=IFCDIRECTION((1.,0.,0.));
#743=IFCAXIS2PLACEMENT3D(#740,#741,#742);
#744=IFCEXTRUDEDAREASOLID(#739,#743,#738,3.);
#745=IFCSHAPEREPRESENTATION(#11,'Body','SweptSolid',(#744));
#746=IFCPRODUCTDEFINITIONSHAPE($,$,(#745));
#747=IFCWALL('2n$ozWv1D3CBrAMsIRBi$F',$,'Room-1-1-1-4-N-lin0',$,$,#1316,#763,$,$);
#753=IFCCARTESIANPOINTLIST2D(((0.,0.),(0.,0.12),(0.70000000000000018,0.12),(0.70000000000000018,0.),(0.,0.)));
#754=IFCINDEXEDPOLYCURVE(#753,$,.F.);
#755=IFCDIRECTION((0.,0.,1.));
#756=IFCARBITRARYCLOSEDPROFILEDEF(.AREA.,$,#754);
#757=IFCCARTESIANPOINT((0.,0.,0.));
#758=IFCDIRECTION((0.,0.,1.));
#759=IFCDIRECTION((1.,0.,0.));
#760=IFCAXIS2PLACEMENT3D(#757,#758,#759);
#761=IFCEXTRUDEDAREASOLID(#756,#760,#755,0.89999999999999991);
#762=IFCSHAPEREPRESENTATION(#11,'Body','SweptSolid',(#761));
#763=IFCPRODUCTDEFINITIONSHAPE($,$,(#762));
#764=IFCDOOR('2YOzjcbs1CChAoVaS7$E8J',$,'Room-1-1-1-4-N-door',$,$,#1096,#782,$,$,$,$,$,$);
#770=IFCCARTESIANPOINT((0.,0.039999999999999994));
#771=IFCCARTESIANPOINT((0.69999999999999996,0.039999999999999994));
#772=IFCCARTESIANPOINT((0.69999999999999996,0.079999999999999988));
#773=IFCCARTESIANPOINT((0.,0.079999999999999988));
#774=IFCPOLYLINE((#770,#771,#772,#773,#770));
#775=IFCARBITRARYCLOSEDPROFILEDEF(.AREA.,$,#774);
#776=IFCDIRECTION((0.,0.,1.));
#777=IFCCARTESIANPOINT((0.,0.,0.));
#778=IFCAXIS2PLACEMENT3D(#777,$,$);
#779=IFCEXTRUDEDAREASOLID(#775,#778,#776,2.1000000000000001);
#780=IFCSHAPEREPRESENTATION(#11,'Body','SweptSolid',(#779));
#781=IFCPRODUCTDEFINITIONSHAPE($,$,(#780));
#782=IFCPRODUCTDEFINITIONSHAPE($,$,(#781));
#783=IFCWALL('0FanLikhH9AwxPTNTllT9Z',$,'Room-1-1-1-4-N-post',$,$,#1191,#799,$,$);
#789=IFCCARTESIANPOINTLIST2D(((0.,0.),(0.,0.12),(0.79999999999999982,0.12),(0.79999999999999982,0.),(0.,0.)));
#790=IFCINDEXEDPOLYCURVE(#789,$,.F.);
#791=IFCDIRECTION((0.,0.,1.));
#792=IFCARBITRARYCLOSEDPROFILEDEF(.AREA.,$,#790);
#793=IFCCARTESIANPOINT((0.,0.,0.));
#794=IFCDIRECTION((0.,0.,1.));
#795=IFCDIRECTION((1.,0.,0.));
#796=IFCAXIS2PLACEMENT3D(#793,#794,#795);
#797=IFCEXTRUDEDAREASOLID(#792,#796,#791,3.);
#798=IFCSHAPEREPRESENTATION(#11,'Body','SweptSolid',(#797));
#799=IFCPRODUCTDEFINITIONSHAPE($,$,(#798));
#800=IFCWALL('229lwgQaP24Rs37kkmDRg_',$,'Room-1-1-1-4-W-post',$,$,#1276,#816,$,$);
#806=IFCCARTESIANPOINTLIST2D(((0.,0.),(0.,0.12),(2.6000000000000001,0.12),(2.6000000000000001,0.),(0.,0.)));
#807=IFCINDEXEDPOLYCURVE(#806,$,.F.);
#808=IFCDIRECTION((0.,0.,1.));
#809=IFCARBITRARYCLOSEDPROFILEDEF(.AREA.,$,#807);
#810=IFCCARTESIANPOINT((0.,0.,0.));
#811=IFCDIRECTION((0.,0.,1.));
#812=IFCDIRECTION((1.,0.,0.));
#813=IFCAXIS2PLACEMENT3D(#810,#811,#812);
#814=IFCEXTRUDEDAREASOLID(#809,#813,#808,3.);
#815=IFCSHAPEREPRESENTATION(#11,'Body','SweptSolid',(#814));
#816=IFCPRODUCTDEFINITIONSHAPE($,$,(#815));
#817=IFCWALL('264Lpt1mj12gMuvdsL8YWQ',$,'Room-1-1-2-1-S-post',$,$,#1366,#833,$,$);
#823=IFCCARTESIANPOINTLIST2D(((0.,0.),(0.,0.12),(5.0000000000000018,0.12),(5.0000000000000018,0.),(0.,0.)));
#824=IFCINDEXEDPOLYCURVE(#823,$,.F.);
#825=IFCDIRECTION((0.,0.,1.));
#826=IFCARBITRARYCLOSEDPROFILEDEF(.AREA.,$,#824);
#827=IFCCARTESIANPOINT((0.,0.,0.));
#828=IFCDIRECTION((0.,0.,1.));
#829=IFCDIRECTION((1.,0.,0.));
#830=IFCAXIS2PLACEMENT3D(#827,#828,#829);
#831=IFCEXTRUDEDAREASOLID(#826,#830,#825,3.);
#832=IFCSHAPEREPRESENTATION(#11,'Body','SweptSolid',(#831));
#833=IFCPRODUCTDEFINITIONSHAPE($,$,(#832));
#834=IFCWALL('2MjcKtCVPCVvjY1GYCC714',$,'Room-1-1-2-1-E-post',$,$,#1141,#850,$,$);
#840=IFCCARTESIANPOINTLIST2D(((0.,0.),(0.,0.12),(5.5999999999999996,0.12),(5.5999999999999996,0.),(0.,0.)));
#841=IFCINDEXEDPOLYCURVE(#840,$,.F.);
#842=IFCDIRECTION((0.,0.,1.));
#843=IFCARBITRARYCLOSEDPROFILEDEF(.AREA.,$,#841);
#844=IFCCARTESIANPOINT((0.,0.,0.));
#845=IFCDIRECTION((0.,0.,1.));
#846=IFCDIRECTION((1.,0.,0.));
#847=IFCAXIS2PLACEMENT3D(#844,#845,#846);
#848=IFCEXTRUDEDAREASOLID(#843,#847,#842,3.);
#849=IFCSHAPEREPRESENTATION(#11,'Body','SweptSolid',(#848));
#850=IFCPRODUCTDEFINITIONSHAPE($,$,(#849));
#851=IFCWALL('2ry74y$C18dPfK2lC7oHA7',$,'Room-1-1-2-1-N-pre0',$,$,#1231,#867,$,$);
#857=IFCCARTESIANPOINTLIST2D(((0.,0.),(0.,0.12),(1.,0.12),(1.,0.),(0.,0.)));
#858=IFCINDEXEDPOLYCURVE(#857,$,.F.);
#859=IFCDIRECTION((0.,0.,1.));
#860=IFCARBITRARYCLOSEDPROFILEDEF(.AREA.,$,#858);
#861=IFCCARTESIANPOINT((0.,0.,0.));
#862=IFCDIRECTION((0.,0.,1.));
#863=IFCDIRECTION((1.,0.,0.));
#864=IFCAXIS2PLACEMENT3D(#861,#862,#863);
#865=IFCEXTRUDEDAREASOLID(#860,#864,#859,3.);
#866=IFCSHAPEREPRESENTATION(#11,'Body','SweptSolid',(#865));
#867=IFCPRODUCTDEFINITIONSHAPE($,$,(#866));
#868=IFCWALL('1trPdZQ6HAagv56YeihhlN',$,'Room-1-1-2-1-N-sill0',$,$,#1331,#884,$,$);
#874=IFCCARTESIANPOINTLIST2D(((0.,0.),(0.,0.12),(1.8000000000000007,0.12),(1.8000000000000007,0.),(0.,0.)));
#875=IFCINDEXEDPOLYCURVE(#874,$,.F.);
#876=IFCDIRECTION((0.,0.,1.));
#877=IFCARBITRARYCLOSEDPROFILEDEF(.AREA.,$,#875);
#878=IFCCARTESIANPOINT((0.,0.,0.));
#879=IFCDIRECTION((0.,0.,1.));
#880=IFCDIRECTION((1.,0.,0.));
#881=IFCAXIS2PLACEMENT3D(#878,#879,#880);
#882=IFCEXTRUDEDAREASOLID(#877,#881,#876,0.90000000000000002);
#883=IFCSHAPEREPRESENTATION(#11,'Body','SweptSolid',(#882));
#884=IFCPRODUCTDEFINITIONSHAPE($,$,(#883));
#885=IFCWALL('0ajTtdUInB4BMD2686uY_B',$,'Room-1-1-2-1-N-lin0',$,$,#1106,#901,$,$);
#891=IFCCARTESIANPOINTLIST2D(((0.,0.),(0.,0.12),(1.8000000000000007,0.12),(1.8000000000000007,0.),(0.,0.)));
#892=IFCINDEXEDPOLYCURVE(#891,$,.F.);
#893=IFCDIRECTION((0.,0.,1.));
#894=IFCARBITRARYCLOSEDPROFILEDEF(.AREA.,$,#892);
#895=IFCCARTESIANPOINT((0.,0.,0.));
#896=IFCDIRECTION((0.,0.,1.));
#897=IFCDIRECTION((1.,0.,0.));
#898=IFCAXIS2PLACEMENT3D(#895,#896,#897);
#899=IFCEXTRUDEDAREASOLID(#894,#898,#893,0.60000000000000009);
#900=IFCSHAPEREPRESENTATION(#11,'Body','SweptSolid',(#899));
#901=IFCPRODUCTDEFINITIONSHAPE($,$,(#900));
#902=IFCWINDOW('393KFKsJL9dOjraHEYy6q5',$,'Room-1-1-2-1-N-window',$,$,#1186,#920,$,$,$,$,$,$);
#908=IFCCARTESIANPOINT((0.,0.039999999999999994));
#909=IFCCARTESIANPOINT((1.8,0.039999999999999994));
#910=IFCCARTESIANPOINT((1.8,0.079999999999999988));
#911=IFCCARTESIANPOINT((0.,0.079999999999999988));
#912=IFCPOLYLINE((#908,#909,#910,#911,#908));
#913=IFCARBITRARYCLOSEDPROFILEDEF(.AREA.,$,#912);
#914=IFCDIRECTION((0.,0.,1.));
#915=IFCCARTESIANPOINT((0.,0.,0.));
#916=IFCAXIS2PLACEMENT3D(#915,$,$);
#917=IFCEXTRUDEDAREASOLID(#913,#916,#914,1.5);
#918=IFCSHAPEREPRESENTATION(#11,'Body','SweptSolid',(#917));
#919=IFCPRODUCTDEFINITIONSHAPE($,$,(#918));
#920=IFCPRODUCTDEFINITIONSHAPE($,$,(#919));
#921=IFCWALL('1OHP2$EAL159LrocCclROv',$,'Room-1-1-2-1-N-post',$,$,#1196,#937,$,$);
#927=IFCCARTESIANPOINTLIST2D(((0.,0.),(0.,0.12),(2.2000000000000011,0.12),(2.2000000000000011,0.),(0.,0.)));
#928=IFCINDEXEDPOLYCURVE(#927,$,.F.);
#929=IFCDIRECTION((0.,0.,1.));
#930=IFCARBITRARYCLOSEDPROFILEDEF(.AREA.,$,#928);
#931=IFCCARTESIANPOINT((0.,0.,0.));
#932=IFCDIRECTION((0.,0.,1.));
#933=IFCDIRECTION((1.,0.,0.));
#934=IFCAXIS2PLACEMENT3D(#931,#932,#933);
#935=IFCEXTRUDEDAREASOLID(#930,#934,#929,3.);
#936=IFCSHAPEREPRESENTATION(#11,'Body','SweptSolid',(#935));
#937=IFCPRODUCTDEFINITIONSHAPE($,$,(#936));
#938=IFCWALL('3QYfrqubr0Y9S941olYrQr',$,'Room-1-1-2-1-W-post',$,$,#1381,#954,$,$);
#944=IFCCARTESIANPOINTLIST2D(((0.,0.),(0.,0.12),(5.5999999999999996,0.12),(5.5999999999999996,0.),(0.,0.)));
#945=IFCINDEXEDPOLYCURVE(#944,$,.F.);
#946=IFCDIRECTION((0.,0.,1.));
#947=IFCARBITRARYCLOSEDPROFILEDEF(.AREA.,$,#945);
#948=IFCCARTESIANPOINT((0.,0.,0.));
#949=IFCDIRECTION((0.,0.,1.));
#950=IFCDIRECTION((1.,0.,0.));
#951=IFCAXIS2PLACEMENT3D(#948,#949,#950);
#952=IFCEXTRUDEDAREASOLID(#947,#951,#946,3.);
#953=IFCSHAPEREPRESENTATION(#11,'Body','SweptSolid',(#952));
#954=IFCPRODUCTDEFINITIONSHAPE($,$,(#953));
#955=IFCWALL('0Hy69$O$jDEfgT0FY1ooIM',$,'Room-1-1-2-2-S-post',$,$,#1146,#971,$,$);
#961=IFCCARTESIANPOINTLIST2D(((0.,0.),(0.,0.12),(3.,0.12),(3.,0.),(0.,0.)));
#962=IFCINDEXEDPOLYCURVE(#961,$,.F.);
#963=IFCDIRECTION((0.,0.,1.));
#964=IFCARBITRARYCLOSEDPROFILEDEF(.AREA.,$,#962);
#965=IFCCARTESIANPOINT((0.,0.,0.));
#966=IFCDIRECTION((0.,0.,1.));
#967=IFCDIRECTION((1.,0.,0.));
#968=IFCAXIS2PLACEMENT3D(#965,#966,#967);
#969=IFCEXTRUDEDAREASOLID(#964,#968,#963,3.);
#970=IFCSHAPEREPRESENTATION(#11,'Body','SweptSolid',(#969));
#971=IFCPRODUCTDEFINITIONSHAPE($,$,(#970));
#972=IFCWALL('0J9N8dBuTF5gXH2ZUrvU2h',$,'Room-1-1-2-2-E-post',$,$,#1236,#988,$,$);
#978=IFCCARTESIANPOINTLIST2D(((0.,0.),(0.,0.12),(3.,0.12),(3.,0.),(0.,0.)));
#979=IFCINDEXEDPOLYCURVE(#978,$,.F.);
#980=IFCDIRECTION((0.,0.,1.));
#981=IFCARBITRARYCLOSEDPROFILEDEF(.AREA.,$,#979);
#982=IFCCARTESIANPOINT((0.,0.,0.));
#983=IFCDIRECTION((0.,0.,1.));
#984=IFCDIRECTION((1.,0.,0.));
#985=IFCAXIS2PLACEMENT3D(#982,#983,#984);
#986=IFCEXTRUDEDAREASOLID(#981,#985,#980,3.);
#987=IFCSHAPEREPRESENTATION(#11,'Body','SweptSolid',(#986));
#988=IFCPRODUCTDEFINITIONSHAPE($,$,(#987));
#989=IFCWALL('07CpMdMWv8s9l0liGBpkCf',$,'Room-1-1-2-2-N-post',$,$,#1336,#1005,$,$);
#995=IFCCARTESIANPOINTLIST2D(((0.,0.),(0.,0.12),(3.,0.12),(3.,0.),(0.,0.)));
#996=IFCINDEXEDPOLYCURVE(#995,$,.F.);
#997=IFCDIRECTION((0.,0.,1.));
#998=IFCARBITRARYCLOSEDPROFILEDEF(.AREA.,$,#996);
#999=IFCCARTESIANPOINT((0.,0.,0.));
#1000=IFCDIRECTION((0.,0.,1.));
#1001=IFCDIRECTION((1.,0.,0.));
#1002=IFCAXIS2PLACEMENT3D(#999,#1000,#1001);
#1003=IFCEXTRUDEDAREASOLID(#998,#1002,#997,3.);
#1004=IFCSHAPEREPRESENTATION(#11,'Body','SweptSolid',(#1003));
#1005=IFCPRODUCTDEFINITIONSHAPE($,$,(#1004));
#1006=IFCWALL('0X7TVGPQrFRBpWKSxNLTOd',$,'Room-1-1-2-2-W-post',$,$,#1101,#1022,$,$);
#1012=IFCCARTESIANPOINTLIST2D(((0.,0.),(0.,0.12),(3.,0.12),(3.,0.),(0.,0.)));
#1013=IFCINDEXEDPOLYCURVE(#1012,$,.F.);
#1014=IFCDIRECTION((0.,0.,1.));
#1015=IFCARBITRARYCLOSEDPROFILEDEF(.AREA.,$,#1013);
#1016=IFCCARTESIANPOINT((0.,0.,0.));
#1017=IFCDIRECTION((0.,0.,1.));
#1018=IFCDIRECTION((1.,0.,0.));
#1019=IFCAXIS2PLACEMENT3D(#1016,#1017,#1018);
#1020=IFCEXTRUDEDAREASOLID(#1015,#1019,#1014,3.);
#1021=IFCSHAPEREPRESENTATION(#11,'Body','SweptSolid',(#1020));
#1022=IFCPRODUCTDEFINITIONSHAPE($,$,(#1021));
#1023=IFCWALL('0seWxR7nf6vQ7MxD4MDwJ6',$,'Room-1-1-2-3-S-post',$,$,#1181,#1039,$,$);
#1029=IFCCARTESIANPOINTLIST2D(((0.,0.),(0.,0.12),(2.,0.12),(2.,0.),(0.,0.)));
#1030=IFCINDEXEDPOLYCURVE(#1029,$,.F.);
#1031=IFCDIRECTION((0.,0.,1.));
#1032=IFCARBITRARYCLOSEDPROFILEDEF(.AREA.,$,#1030);
#1033=IFCCARTESIANPOINT((0.,0.,0.));
#1034=IFCDIRECTION((0.,0.,1.));
#1035=IFCDIRECTION((1.,0.,0.));
#1036=IFCAXIS2PLACEMENT3D(#1033,#1034,#1035);
#1037=IFCEXTRUDEDAREASOLID(#1032,#1036,#1031,3.);
#1038=IFCSHAPEREPRESENTATION(#11,'Body','SweptSolid',(#1037));
#1039=IFCPRODUCTDEFINITIONSHAPE($,$,(#1038));
#1040=IFCWALL('1Dlwp96UT5f8lzJ_cFYtaX',$,'Room-1-1-2-3-E-post',$,$,#1266,#1056,$,$);
#1046=IFCCARTESIANPOINTLIST2D(((0.,0.),(0.,0.12),(2.5999999999999996,0.12),(2.5999999999999996,0.),(0.,0.)));
#1047=IFCINDEXEDPOLYCURVE(#1046,$,.F.);
#1048=IFCDIRECTION((0.,0.,1.));
#1049=IFCARBITRARYCLOSEDPROFILEDEF(.AREA.,$,#1047);
#1050=IFCCARTESIANPOINT((0.,0.,0.));
#1051=IFCDIRECTION((0.,0.,1.));
#1052=IFCDIRECTION((1.,0.,0.));
#1053=IFCAXIS2PLACEMENT3D(#1050,#1051,#1052);
#1054=IFCEXTRUDEDAREASOLID(#1049,#1053,#1048,3.);
#1055=IFCSHAPEREPRESENTATION(#11,'Body','SweptSolid',(#1054));
#1056=IFCPRODUCTDEFINITIONSHAPE($,$,(#1055));
#1057=IFCWALL('1j7RJZVHbDYwbx76L6B$ug',$,'Room-1-1-2-3-N-post',$,$,#1351,#1073,$,$);
#1063=IFCCARTESIANPOINTLIST2D(((0.,0.),(0.,0.12),(2.,0.12),(2.,0.),(0.,0.)));
#1064=IFCINDEXEDPOLYCURVE(#1063,$,.F.);
#1065=IFCDIRECTION((0.,0.,1.));
#1066=IFCARBITRARYCLOSEDPROFILEDEF(.AREA.,$,#1064);
#1067=IFCCARTESIANPOINT((0.,0.,0.));
#1068=IFCDIRECTION((0.,0.,1.));
#1069=IFCDIRECTION((1.,0.,0.));
#1070=IFCAXIS2PLACEMENT3D(#1067,#1068,#1069);
#1071=IFCEXTRUDEDAREASOLID(#1066,#1070,#1065,3.);
#1072=IFCSHAPEREPRESENTATION(#11,'Body','SweptSolid',(#1071));
#1073=IFCPRODUCTDEFINITIONSHAPE($,$,(#1072));
#1074=IFCWALL('3nJcfQpaHFb8woJBrb0VOG',$,'Room-1-1-2-3-W-post',$,$,#1176,#1090,$,$);
#1080=IFCCARTESIANPOINTLIST2D(((0.,0.),(0.,0.12),(2.5999999999999996,0.12),(2.5999999999999996,0.),(0.,0.)));
#1081=IFCINDEXEDPOLYCURVE(#1080,$,.F.);
#1082=IFCDIRECTION((0.,0.,1.));
#1083=IFCARBITRARYCLOSEDPROFILEDEF(.AREA.,$,#1081);
#1084=IFCCARTESIANPOINT((0.,0.,0.));
#1085=IFCDIRECTION((0.,0.,1.));
#1086=IFCDIRECTION((1.,0.,0.));
#1087=IFCAXIS2PLACEMENT3D(#1084,#1085,#1086);
#1088=IFCEXTRUDEDAREASOLID(#1083,#1087,#1082,3.);
#1089=IFCSHAPEREPRESENTATION(#11,'Body','SweptSolid',(#1088));
#1090=IFCPRODUCTDEFINITIONSHAPE($,$,(#1089));
#1091=IFCRELCONTAINEDINSPATIALSTRUCTURE('3ud7xRssvDOQ8_VhtK9PaN',$,$,$,(#764,#1006,#885,#229,#42,#471,#713,#350,#592,#834,#955,#178,#420,#662,#299,#541,#1074,#1023,#902,#783,#921,#246,#59,#127,#488,#730,#609,#851,#972,#195,#76,#369,#437,#316,#1040,#558,#800,#144,#386,#679,#23,#265,#507,#626,#747,#212,#93,#868,#989,#454,#696,#1057,#333,#575,#817,#161,#403,#938,#282,#524,#643,#110),#16);
#1092=IFCCARTESIANPOINT((6.4000000000000004,6.,0.));
#1093=IFCDIRECTION((0.,0.,1.));
#1094=IFCDIRECTION((-1.,1.2246467991473532E-16,0.));
#1095=IFCAXIS2PLACEMENT3D(#1092,#1093,#1094);
#1096=IFCLOCALPLACEMENT(#22,#1095);
#1097=IFCCARTESIANPOINT((18.600000000000001,11.,0.));
#1098=IFCDIRECTION((0.,0.,1.));
#1099=IFCDIRECTION((6.123233995736766E-17,-1.,0.));
#1100=IFCAXIS2PLACEMENT3D(#1097,#1098,#1099);
#1101=IFCLOCALPLACEMENT(#22,#1100);
#1102=IFCCARTESIANPOINT((17.600000000000001,13.6,2.3999999999999999));
#1103=IFCDIRECTION((0.,0.,1.));
#1104=IFCDIRECTION((-1.,1.2246467991473532E-16,0.));
#1105=IFCAXIS2PLACEMENT3D(#1102,#1103,#1104);
#1106=IFCLOCALPLACEMENT(#22,#1105);
#1107=IFCCARTESIANPOINT((13.,10.,0.));
#1108=IFCDIRECTION((0.,0.,1.));
#1109=IFCDIRECTION((6.123233995736766E-17,-1.,0.));
#1110=IFCAXIS2PLACEMENT3D(#1107,#1108,#1109);
#1111=IFCLOCALPLACEMENT(#22,#1110);
#1112=IFCCARTESIANPOINT((0.,0.,0.));
#1113=IFCDIRECTION((0.,0.,1.));
#1114=IFCDIRECTION((1.,0.,0.));
#1115=IFCAXIS2PLACEMENT3D(#1112,#1113,#1114);
#1116=IFCLOCALPLACEMENT(#22,#1115);
#1117=IFCCARTESIANPOINT((5.5,0.40000000000000002,2.3999999999999999));
#1118=IFCDIRECTION((0.,0.,1.));
#1119=IFCDIRECTION((1.,0.,0.));
#1120=IFCAXIS2PLACEMENT3D(#1117,#1118,#1119);
#1121=IFCLOCALPLACEMENT(#22,#1120);
#1122=IFCCARTESIANPOINT((6.9000000000000004,3.3999999999999999,0.));
#1123=IFCDIRECTION((0.,0.,1.));
#1124=IFCDIRECTION((6.123233995736766E-17,1.,0.));
#1125=IFCAXIS2PLACEMENT3D(#1122,#1123,#1124);
#1126=IFCLOCALPLACEMENT(#22,#1125);
#1127=IFCCARTESIANPOINT((1.3999999999999999,0.40000000000000002,0.90000000000000002));
#1128=IFCDIRECTION((0.,0.,1.));
#1129=IFCDIRECTION((1.,0.,0.));
#1130=IFCAXIS2PLACEMENT3D(#1127,#1128,#1129);
#1131=IFCLOCALPLACEMENT(#22,#1130);
#1132=IFCCARTESIANPOINT((10.4,0.40000000000000002,0.));
#1133=IFCDIRECTION((0.,0.,1.));
#1134=IFCDIRECTION((6.123233995736766E-17,1.,0.));
#1135=IFCAXIS2PLACEMENT3D(#1132,#1133,#1134);
#1136=IFCLOCALPLACEMENT(#22,#1135);
#1137=IFCCARTESIANPOINT((18.600000000000001,8.,0.));
#1138=IFCDIRECTION((0.,0.,1.));
#1139=IFCDIRECTION((6.123233995736766E-17,1.,0.));
#1140=IFCAXIS2PLACEMENT3D(#1137,#1138,#1139);
#1141=IFCLOCALPLACEMENT(#22,#1140);
#1142=IFCCARTESIANPOINT((18.600000000000001,8.,0.));
#1143=IFCDIRECTION((0.,0.,1.));
#1144=IFCDIRECTION((1.,0.,0.));
#1145=IFCAXIS2PLACEMENT3D(#1142,#1143,#1144);
#1146=IFCLOCALPLACEMENT(#22,#1145);
#1147=IFCCARTESIANPOINT((13.,4.5,0.));
#1148=IFCDIRECTION((0.,0.,1.));
#1149=IFCDIRECTION((1.,0.,0.));
#1150=IFCAXIS2PLACEMENT3D(#1147,#1148,#1149);
#1151=IFCLOCALPLACEMENT(#22,#1150);
#1152=IFCCARTESIANPOINT((0.40000000000000002,6.,0.));
#1153=IFCDIRECTION((0.,0.,1.));
#1154=IFCDIRECTION((6.123233995736766E-17,-1.,0.));
#1155=IFCAXIS2PLACEMENT3D(#1152,#1153,#1154);
#1156=IFCLOCALPLACEMENT(#22,#1155);
#1157=IFCCARTESIANPOINT((9.,3.8999999999999999,0.));
#1158=IFCDIRECTION((0.,0.,1.));
#1159=IFCDIRECTION((-1.,1.2246467991473532E-16,0.));
#1160=IFCAXIS2PLACEMENT3D(#1157,#1158,#1159);
#1161=IFCLOCALPLACEMENT(#22,#1160);
#1162=IFCCARTESIANPOINT((0.40000000000000002,0.40000000000000002,0.));
#1163=IFCDIRECTION((0.,0.,1.));
#1164=IFCDIRECTION((1.,0.,0.));
#1165=IFCAXIS2PLACEMENT3D(#1162,#1163,#1164);
#1166=IFCLOCALPLACEMENT(#22,#1165);
#1167=IFCCARTESIANPOINT((7.9000000000000004,3.3999999999999999,0.));
#1168=IFCDIRECTION((0.,0.,1.));
#1169=IFCDIRECTION((-1.,1.2246467991473532E-16,0.));
#1170=IFCAXIS2PLACEMENT3D(#1167,#1168,#1169);
#1171=IFCLOCALPLACEMENT(#22,#1170);
#1172=IFCCARTESIANPOINT((18.600000000000001,13.6,0.));
#1173=IFCDIRECTION((0.,0.,1.));
#1174=IFCDIRECTION((6.123233995736766E-17,-1.,0.));
#1175=IFCAXIS2PLACEMENT3D(#1172,#1173,#1174);
#1176=IFCLOCALPLACEMENT(#22,#1175);
#1177=IFCCARTESIANPOINT((18.600000000000001,11.,0.));
#1178=IFCDIRECTION((0.,0.,1.));
#1179=IFCDIRECTION((1.,0.,0.));
#1180=IFCAXIS2PLACEMENT3D(#1177,#1178,#1179);
#1181=IFCLOCALPLACEMENT(#22,#1180);
#1182=IFCCARTESIANPOINT((17.600000000000001,13.6,0.90000000000000002));
#1183=IFCDIRECTION((0.,0.,1.));
#1184=IFCDIRECTION((-1.,1.2246467991473532E-16,0.));
#1185=IFCAXIS2PLACEMENT3D(#1182,#1183,#1184);
#1186=IFCLOCALPLACEMENT(#22,#1185);
#1187=IFCCARTESIANPOINT((5.7000000000000002,6.,0.));
#1188=IFCDIRECTION((0.,0.,1.));
#1189=IFCDIRECTION((-1.,1.2246467991473532E-16,0.));
#1190=IFCAXIS2PLACEMENT3D(#1187,#1188,#1189);
#1191=IFCLOCALPLACEMENT(#22,#1190);
#1192=IFCCARTESIANPOINT((15.800000000000001,13.6,0.));
#1193=IFCDIRECTION((0.,0.,1.));
#1194=IFCDIRECTION((-1.,1.2246467991473532E-16,0.));
#1195=IFCAXIS2PLACEMENT3D(#1192,#1193,#1194);
#1196=IFCLOCALPLACEMENT(#22,#1195);
#1197=IFCCARTESIANPOINT((13.4,4.9000000000000004,0.));
#1198=IFCDIRECTION((0.,0.,1.));
#1199=IFCDIRECTION((1.,0.,0.));
#1200=IFCAXIS2PLACEMENT3D(#1197,#1198,#1199);
#1201=IFCLOCALPLACEMENT(#22,#1200);
#1202=IFCCARTESIANPOINT((24.,0.,0.));
#1203=IFCDIRECTION((0.,0.,1.));
#1204=IFCDIRECTION((6.123233995736766E-17,1.,0.));
#1205=IFCAXIS2PLACEMENT3D(#1202,#1203,#1204);
#1206=IFCLOCALPLACEMENT(#22,#1205);
#1207=IFCCARTESIANPOINT((12.5,6.5,0.));
#1208=IFCDIRECTION((0.,0.,1.));
#1209=IFCDIRECTION((6.123233995736766E-17,1.,0.));
#1210=IFCAXIS2PLACEMENT3D(#1207,#1208,#1209);
#1211=IFCLOCALPLACEMENT(#22,#1210);
#1212=IFCCARTESIANPOINT((5.5,0.40000000000000002,0.90000000000000002));
#1213=IFCDIRECTION((0.,0.,1.));
#1214=IFCDIRECTION((1.,0.,0.));
#1215=IFCAXIS2PLACEMENT3D(#1212,#1213,#1214);
#1216=IFCLOCALPLACEMENT(#22,#1215);
#1217=IFCCARTESIANPOINT((6.9000000000000004,6.,0.));
#1218=IFCDIRECTION((0.,0.,1.));
#1219=IFCDIRECTION((-1.,1.2246467991473532E-16,0.));
#1220=IFCAXIS2PLACEMENT3D(#1217,#1218,#1219);
#1221=IFCLOCALPLACEMENT(#22,#1220);
#1222=IFCCARTESIANPOINT((10.4,3.8999999999999999,0.));
#1223=IFCDIRECTION((0.,0.,1.));
#1224=IFCDIRECTION((-1.,1.2246467991473532E-16,0.));
#1225=IFCAXIS2PLACEMENT3D(#1222,#1223,#1224);
#1226=IFCLOCALPLACEMENT(#22,#1225);
#1227=IFCCARTESIANPOINT((18.600000000000001,13.6,0.));
#1228=IFCDIRECTION((0.,0.,1.));
#1229=IFCDIRECTION((-1.,1.2246467991473532E-16,0.));
#1230=IFCAXIS2PLACEMENT3D(#1227,#1228,#1229);
#1231=IFCLOCALPLACEMENT(#22,#1230);
#1232=IFCCARTESIANPOINT((21.600000000000001,8.,0.));
#1233=IFCDIRECTION((0.,0.,1.));
#1234=IFCDIRECTION((6.123233995736766E-17,1.,0.));
#1235=IFCAXIS2PLACEMENT3D(#1232,#1233,#1234);
#1236=IFCLOCALPLACEMENT(#22,#1235);
#1237=IFCCARTESIANPOINT((15.1,4.5,0.));
#1238=IFCDIRECTION((0.,0.,1.));
#1239=IFCDIRECTION((6.123233995736766E-17,1.,0.));
#1240=IFCAXIS2PLACEMENT3D(#1237,#1238,#1239);
#1241=IFCLOCALPLACEMENT(#22,#1240);
#1242=IFCCARTESIANPOINT((24.,14.,0.));
#1243=IFCDIRECTION((0.,0.,1.));
#1244=IFCDIRECTION((-1.,1.2246467991473532E-16,0.));
#1245=IFCAXIS2PLACEMENT3D(#1242,#1243,#1244);
#1246=IFCLOCALPLACEMENT(#22,#1245);
#1247=IFCCARTESIANPOINT((3.1999999999999997,0.40000000000000002,0.));
#1248=IFCDIRECTION((0.,0.,1.));
#1249=IFCDIRECTION((1.,0.,0.));
#1250=IFCAXIS2PLACEMENT3D(#1247,#1248,#1249);
#1251=IFCLOCALPLACEMENT(#22,#1250);
#1252=IFCCARTESIANPOINT((4.9000000000000004,0.40000000000000002,0.));
#1253=IFCDIRECTION((0.,0.,1.));
#1254=IFCDIRECTION((1.,0.,0.));
#1255=IFCAXIS2PLACEMENT3D(#1252,#1253,#1254);
#1256=IFCLOCALPLACEMENT(#22,#1255);
#1257=IFCCARTESIANPOINT((1.3999999999999999,0.40000000000000002,0.));
#1258=IFCDIRECTION((0.,0.,1.));
#1259=IFCDIRECTION((1.,0.,0.));
#1260=IFCAXIS2PLACEMENT3D(#1257,#1258,#1259);
#1261=IFCLOCALPLACEMENT(#22,#1260);
#1262=IFCCARTESIANPOINT((20.600000000000001,11.,0.));
#1263=IFCDIRECTION((0.,0.,1.));
#1264=IFCDIRECTION((6.123233995736766E-17,1.,0.));
#1265=IFCAXIS2PLACEMENT3D(#1262,#1263,#1264);
#1266=IFCLOCALPLACEMENT(#22,#1265);
#1267=IFCCARTESIANPOINT((4.9000000000000004,3.3999999999999999,0.));
#1268=IFCDIRECTION((0.,0.,1.));
#1269=IFCDIRECTION((6.123233995736766E-17,-1.,0.));
#1270=IFCAXIS2PLACEMENT3D(#1267,#1268,#1269);
#1271=IFCLOCALPLACEMENT(#22,#1270);
#1272=IFCCARTESIANPOINT((4.9000000000000004,6.,0.));
#1273=IFCDIRECTION((0.,0.,1.));
#1274=IFCDIRECTION((6.123233995736766E-17,-1.,0.));
#1275=IFCAXIS2PLACEMENT3D(#1272,#1273,#1274);
#1276=IFCLOCALPLACEMENT(#22,#1275);
#1277=IFCCARTESIANPOINT((12.5,8.,0.));
#1278=IFCDIRECTION((0.,0.,1.));
#1279=IFCDIRECTION((-1.,1.2246467991473532E-16,0.));
#1280=IFCAXIS2PLACEMENT3D(#1277,#1278,#1279);
#1281=IFCLOCALPLACEMENT(#22,#1280);
#1282=IFCCARTESIANPOINT((4.9000000000000004,0.40000000000000002,0.));
#1283=IFCDIRECTION((0.,0.,1.));
#1284=IFCDIRECTION((6.123233995736766E-17,1.,0.));
#1285=IFCAXIS2PLACEMENT3D(#1282,#1283,#1284);
#1286=IFCLOCALPLACEMENT(#22,#1285);
#1287=IFCCARTESIANPOINT((7.9000000000000004,3.8999999999999999,0.));
#1288=IFCDIRECTION((0.,0.,1.));
#1289=IFCDIRECTION((6.123233995736766E-17,-1.,0.));
#1290=IFCAXIS2PLACEMENT3D(#1287,#1288,#1289);
#1291=IFCLOCALPLACEMENT(#22,#1290);
#1292=IFCCARTESIANPOINT((0.,0.,-0.20000000000000001));
#1293=IFCDIRECTION((0.,0.,1.));
#1294=IFCDIRECTION((1.,0.,0.));
#1295=IFCAXIS2PLACEMENT3D(#1292,#1293,#1294);
#1296=IFCLOCALPLACEMENT(#22,#1295);
#1297=IFCCARTESIANPOINT((0.,6.,0.));
#1298=IFCDIRECTION((0.,0.,1.));
#1299=IFCDIRECTION((1.,0.,0.));
#1300=IFCAXIS2PLACEMENT3D(#1297,#1298,#1299);
#1301=IFCLOCALPLACEMENT(#22,#1300);
#1302=IFCCARTESIANPOINT((7.,0.40000000000000002,0.));
#1303=IFCDIRECTION((0.,0.,1.));
#1304=IFCDIRECTION((1.,0.,0.));
#1305=IFCAXIS2PLACEMENT3D(#1302,#1303,#1304);
#1306=IFCLOCALPLACEMENT(#22,#1305);
#1307=IFCCARTESIANPOINT((9.9000000000000004,3.8999999999999999,2.1000000000000001));
#1308=IFCDIRECTION((0.,0.,1.));
#1309=IFCDIRECTION((-1.,1.2246467991473532E-16,0.));
#1310=IFCAXIS2PLACEMENT3D(#1307,#1308,#1309);
#1311=IFCLOCALPLACEMENT(#22,#1310);
#1312=IFCCARTESIANPOINT((6.4000000000000004,6.,2.1000000000000001));
#1313=IFCDIRECTION((0.,0.,1.));
#1314=IFCDIRECTION((-1.,1.2246467991473532E-16,0.));
#1315=IFCAXIS2PLACEMENT3D(#1312,#1313,#1314);
#1316=IFCLOCALPLACEMENT(#22,#1315);
#1317=IFCCARTESIANPOINT((15.1,10.,0.));
#1318=IFCDIRECTION((0.,0.,1.));
#1319=IFCDIRECTION((-1.,1.2246467991473532E-16,0.));
#1320=IFCAXIS2PLACEMENT3D(#1317,#1318,#1319);
#1321=IFCLOCALPLACEMENT(#22,#1320);
#1322=IFCCARTESIANPOINT((0.,14.,0.));
#1323=IFCDIRECTION((0.,0.,1.));
#1324=IFCDIRECTION((6.123233995736766E-17,-1.,0.));
#1325=IFCAXIS2PLACEMENT3D(#1322,#1323,#1324);
#1326=IFCLOCALPLACEMENT(#22,#1325);
#1327=IFCCARTESIANPOINT((17.600000000000001,13.6,0.));
#1328=IFCDIRECTION((0.,0.,1.));
#1329=IFCDIRECTION((-1.,1.2246467991473532E-16,0.));
#1330=IFCAXIS2PLACEMENT3D(#1327,#1328,#1329);
#1331=IFCLOCALPLACEMENT(#22,#1330);
#1332=IFCCARTESIANPOINT((21.600000000000001,11.,0.));
#1333=IFCDIRECTION((0.,0.,1.));
#1334=IFCDIRECTION((-1.,1.2246467991473532E-16,0.));
#1335=IFCAXIS2PLACEMENT3D(#1332,#1333,#1334);
#1336=IFCLOCALPLACEMENT(#22,#1335);
#1337=IFCCARTESIANPOINT((5.5,0.40000000000000002,0.));
#1338=IFCDIRECTION((0.,0.,1.));
#1339=IFCDIRECTION((1.,0.,0.));
#1340=IFCAXIS2PLACEMENT3D(#1337,#1338,#1339);
#1341=IFCLOCALPLACEMENT(#22,#1340);
#1342=IFCCARTESIANPOINT((4.9000000000000004,3.3999999999999999,0.));
#1343=IFCDIRECTION((0.,0.,1.));
#1344=IFCDIRECTION((1.,0.,0.));
#1345=IFCAXIS2PLACEMENT3D(#1342,#1343,#1344);
#1346=IFCLOCALPLACEMENT(#22,#1345);
#1347=IFCCARTESIANPOINT((20.600000000000001,13.6,0.));
#1348=IFCDIRECTION((0.,0.,1.));
#1349=IFCDIRECTION((-1.,1.2246467991473532E-16,0.));
#1350=IFCAXIS2PLACEMENT3D(#1347,#1348,#1349);
#1351=IFCLOCALPLACEMENT(#22,#1350);
#1352=IFCCARTESIANPOINT((1.3999999999999999,0.40000000000000002,2.3999999999999999));
#1353=IFCDIRECTION((0.,0.,1.));
#1354=IFCDIRECTION((1.,0.,0.));
#1355=IFCAXIS2PLACEMENT3D(#1352,#1353,#1354);
#1356=IFCLOCALPLACEMENT(#22,#1355);
#1357=IFCCARTESIANPOINT((7.9000000000000004,0.40000000000000002,0.));
#1358=IFCDIRECTION((0.,0.,1.));
#1359=IFCDIRECTION((1.,0.,0.));
#1360=IFCAXIS2PLACEMENT3D(#1357,#1358,#1359);
#1361=IFCLOCALPLACEMENT(#22,#1360);
#1362=IFCCARTESIANPOINT((13.6,8.,0.));
#1363=IFCDIRECTION((0.,0.,1.));
#1364=IFCDIRECTION((1.,0.,0.));
#1365=IFCAXIS2PLACEMENT3D(#1362,#1363,#1364);
#1366=IFCLOCALPLACEMENT(#22,#1365);
#1367=IFCCARTESIANPOINT((11.,8.,0.));
#1368=IFCDIRECTION((0.,0.,1.));
#1369=IFCDIRECTION((6.123233995736766E-17,-1.,0.));
#1370=IFCAXIS2PLACEMENT3D(#1367,#1368,#1369);
#1371=IFCLOCALPLACEMENT(#22,#1370);
#1372=IFCCARTESIANPOINT((4.9000000000000004,6.,0.));
#1373=IFCDIRECTION((0.,0.,1.));
#1374=IFCDIRECTION((-1.,1.2246467991473532E-16,0.));
#1375=IFCAXIS2PLACEMENT3D(#1372,#1373,#1374);
#1376=IFCLOCALPLACEMENT(#22,#1375);
#1377=IFCCARTESIANPOINT((13.6,13.6,0.));
#1378=IFCDIRECTION((0.,0.,1.));
#1379=IFCDIRECTION((6.123233995736766E-17,-1.,0.));
#1380=IFCAXIS2PLACEMENT3D(#1377,#1378,#1379);
#1381=IFCLOCALPLACEMENT(#22,#1380);
#1382=IFCCARTESIANPOINT((0.,7.5999999999999996,0.));
#1383=IFCDIRECTION((0.,0.,1.));
#1384=IFCDIRECTION((1.,0.,0.));
#1385=IFCAXIS2PLACEMENT3D(#1382,#1383,#1384);
#1386=IFCLOCALPLACEMENT(#22,#1385);
#1387=IFCCARTESIANPOINT((7.9000000000000004,0.40000000000000002,0.));
#1388=IFCDIRECTION((0.,0.,1.));
#1389=IFCDIRECTION((6.123233995736766E-17,1.,0.));
#1390=IFCAXIS2PLACEMENT3D(#1387,#1388,#1389);
#1391=IFCLOCALPLACEMENT(#22,#1390);
#1392=IFCCARTESIANPOINT((9.9000000000000004,3.8999999999999999,0.));
#1393=IFCDIRECTION((0.,0.,1.));
#1394=IFCDIRECTION((-1.,1.2246467991473532E-16,0.));
#1395=IFCAXIS2PLACEMENT3D(#1392,#1393,#1394);
#1396=IFCLOCALPLACEMENT(#22,#1395);
#1397=IFCCARTESIANPOINT((11.,6.5,0.));
#1398=IFCDIRECTION((0.,0.,1.));
#1399=IFCDIRECTION((1.,0.,0.));
#1400=IFCAXIS2PLACEMENT3D(#1397,#1398,#1399);
#1401=IFCLOCALPLACEMENT(#22,#1400);
#1402=IFCSPACE('0hgcO_dZ51bfYGN51DULar',$,'\X2\041A043E044004380434043E0440\X0\ 1-1',$,$,#1426,#1420,$,$,$,$);
#1408=IFCCARTESIANPOINT((0.,0.));
#1409=IFCCARTESIANPOINT((24.,0.));
#1410=IFCCARTESIANPOINT((24.,1.6000000000000001));
#1411=IFCCARTESIANPOINT((0.,1.6000000000000001));
#1412=IFCPOLYLINE((#1408,#1409,#1410,#1411,#1408));
#1413=IFCARBITRARYCLOSEDPROFILEDEF(.AREA.,$,#1412);
#1414=IFCDIRECTION((0.,0.,1.));
#1415=IFCCARTESIANPOINT((0.,0.,0.));
#1416=IFCAXIS2PLACEMENT3D(#1415,$,$);
#1417=IFCEXTRUDEDAREASOLID(#1413,#1416,#1414,2.3999999999999999);
#1418=IFCSHAPEREPRESENTATION(#11,'Body','SweptSolid',(#1417));
#1419=IFCPRODUCTDEFINITIONSHAPE($,$,(#1418));
#1420=IFCPRODUCTDEFINITIONSHAPE($,$,(#1419));
#1421=IFCRELAGGREGATES('0UaDFQv81Bdvbc0lyE8nO8',$,$,$,#16,(#1619,#1523,#1499,#1402,#1595,#1451,#1547,#1475,#1427,#1571));
#1422=IFCCARTESIANPOINT((0.,6.,0.));
#1423=IFCDIRECTION((0.,0.,1.));
#1424=IFCDIRECTION((1.,0.,0.));
#1425=IFCAXIS2PLACEMENT3D(#1422,#1423,#1424);
#1426=IFCLOCALPLACEMENT(#22,#1425);
#1427=IFCSPACE('2FLZsaUc13yRGiP5rdbEPh',$,'\X2\041B043804440442\X0\ \X2\043F043004410441\X0\. 1-1',$,$,#1450,#1445,$,$,$,$);
#1433=IFCCARTESIANPOINT((0.,0.));
#1434=IFCCARTESIANPOINT((1.5,0.));
#1435=IFCCARTESIANPOINT((1.5,1.5));
#1436=IFCCARTESIANPOINT((0.,1.5));
#1437=IFCPOLYLINE((#1433,#1434,#1435,#1436,#1433));
#1438=IFCARBITRARYCLOSEDPROFILEDEF(.AREA.,$,#1437);
#1439=IFCDIRECTION((0.,0.,1.));
#1440=IFCCARTESIANPOINT((0.,0.,0.));
#1441=IFCAXIS2PLACEMENT3D(#1440,$,$);
#1442=IFCEXTRUDEDAREASOLID(#1438,#1441,#1439,3.);
#1443=IFCSHAPEREPRESENTATION(#11,'Body','SweptSolid',(#1442));
#1444=IFCPRODUCTDEFINITIONSHAPE($,$,(#1443));
#1445=IFCPRODUCTDEFINITIONSHAPE($,$,(#1444));
#1446=IFCCARTESIANPOINT((11.,6.5,0.));
#1447=IFCDIRECTION((0.,0.,1.));
#1448=IFCDIRECTION((1.,0.,0.));
#1449=IFCAXIS2PLACEMENT3D(#1446,#1447,#1448);
#1450=IFCLOCALPLACEMENT(#22,#1449);
#1451=IFCSPACE('0w_Ioc9WX9QetmSemUZb0p',$,'\X2\041B043504410442043D043804460430\X0\ 1-1',$,$,#1474,#1469,$,$,$,$);
#1457=IFCCARTESIANPOINT((0.,0.));
#1458=IFCCARTESIANPOINT((2.1000000000000001,0.));
#1459=IFCCARTESIANPOINT((2.1000000000000001,5.5));
#1460=IFCCARTESIANPOINT((0.,5.5));
#1461=IFCPOLYLINE((#1457,#1458,#1459,#1460,#1457));
#1462=IFCARBITRARYCLOSEDPROFILEDEF(.AREA.,$,#1461);
#1463=IFCDIRECTION((0.,0.,1.));
#1464=IFCCARTESIANPOINT((0.,0.,0.));
#1465=IFCAXIS2PLACEMENT3D(#1464,$,$);
#1466=IFCEXTRUDEDAREASOLID(#1462,#1465,#1463,3.);
#1467=IFCSHAPEREPRESENTATION(#11,'Body','SweptSolid',(#1466));
#1468=IFCPRODUCTDEFINITIONSHAPE($,$,(#1467));
#1469=IFCPRODUCTDEFINITIONSHAPE($,$,(#1468));
#1470=IFCCARTESIANPOINT((13.,4.5,0.));
#1471=IFCDIRECTION((0.,0.,1.));
#1472=IFCDIRECTION((1.,0.,0.));
#1473=IFCAXIS2PLACEMENT3D(#1470,#1471,#1472);
#1474=IFCLOCALPLACEMENT(#22,#1473);
#1475=IFCSPACE('191aqIv690fw1ThnqZDstF',$,'\X2\0413043E044104420438043D0430044F\X0\ (\X2\043A0432\X0\.1 2\X2\041A\X0\)',$,$,#1498,#1493,$,$,$,$);
#1481=IFCCARTESIANPOINT((0.,0.));
#1482=IFCCARTESIANPOINT((4.5,0.));
#1483=IFCCARTESIANPOINT((4.5,5.5999999999999996));
#1484=IFCCARTESIANPOINT((0.,5.5999999999999996));
#1485=IFCPOLYLINE((#1481,#1482,#1483,#1484,#1481));
#1486=IFCARBITRARYCLOSEDPROFILEDEF(.AREA.,$,#1485);
#1487=IFCDIRECTION((0.,0.,1.));
#1488=IFCCARTESIANPOINT((0.,0.,0.));
#1489=IFCAXIS2PLACEMENT3D(#1488,$,$);
#1490=IFCEXTRUDEDAREASOLID(#1486,#1489,#1487,2.7000000000000002);
#1491=IFCSHAPEREPRESENTATION(#11,'Body','SweptSolid',(#1490));
#1492=IFCPRODUCTDEFINITIONSHAPE($,$,(#1491));
#1493=IFCPRODUCTDEFINITIONSHAPE($,$,(#1492));
#1494=IFCCARTESIANPOINT((0.40000000000000002,0.40000000000000002,0.));
#1495=IFCDIRECTION((0.,0.,1.));
#1496=IFCDIRECTION((1.,0.,0.));
#1497=IFCAXIS2PLACEMENT3D(#1494,#1495,#1496);
#1498=IFCLOCALPLACEMENT(#22,#1497);
#1499=IFCSPACE('1eqQ0i5bnCVfRags2_r0E5',$,'\X2\041A04430445043D044F\X0\ (\X2\043A0432\X0\.1 2\X2\041A\X0\)',$,$,#1522,#1517,$,$,$,$);
#1505=IFCCARTESIANPOINT((0.,0.));
#1506=IFCCARTESIANPOINT((3.,0.));
#1507=IFCCARTESIANPOINT((3.,3.));
#1508=IFCCARTESIANPOINT((0.,3.));
#1509=IFCPOLYLINE((#1505,#1506,#1507,#1508,#1505));
#1510=IFCARBITRARYCLOSEDPROFILEDEF(.AREA.,$,#1509);
#1511=IFCDIRECTION((0.,0.,1.));
#1512=IFCCARTESIANPOINT((0.,0.,0.));
#1513=IFCAXIS2PLACEMENT3D(#1512,$,$);
#1514=IFCEXTRUDEDAREASOLID(#1510,#1513,#1511,2.7000000000000002);
#1515=IFCSHAPEREPRESENTATION(#11,'Body','SweptSolid',(#1514));
#1516=IFCPRODUCTDEFINITIONSHAPE($,$,(#1515));
#1517=IFCPRODUCTDEFINITIONSHAPE($,$,(#1516));
#1518=IFCCARTESIANPOINT((4.9000000000000004,0.40000000000000002,0.));
#1519=IFCDIRECTION((0.,0.,1.));
#1520=IFCDIRECTION((1.,0.,0.));
#1521=IFCAXIS2PLACEMENT3D(#1518,#1519,#1520);
#1522=IFCLOCALPLACEMENT(#22,#1521);
#1523=IFCSPACE('33Z7EmW$j5_g2NJ6tietLv',$,'\X2\0421043F0430043B044C043D044F\X0\ (\X2\043A0432\X0\.1 2\X2\041A\X0\)',$,$,#1546,#1541,$,$,$,$);
#1529=IFCCARTESIANPOINT((0.,0.));
#1530=IFCCARTESIANPOINT((2.5,0.));
#1531=IFCCARTESIANPOINT((2.5,3.5));
#1532=IFCCARTESIANPOINT((0.,3.5));
#1533=IFCPOLYLINE((#1529,#1530,#1531,#1532,#1529));
#1534=IFCARBITRARYCLOSEDPROFILEDEF(.AREA.,$,#1533);
#1535=IFCDIRECTION((0.,0.,1.));
#1536=IFCCARTESIANPOINT((0.,0.,0.));
#1537=IFCAXIS2PLACEMENT3D(#1536,$,$);
#1538=IFCEXTRUDEDAREASOLID(#1534,#1537,#1535,2.7000000000000002);
#1539=IFCSHAPEREPRESENTATION(#11,'Body','SweptSolid',(#1538));
#1540=IFCPRODUCTDEFINITIONSHAPE($,$,(#1539));
#1541=IFCPRODUCTDEFINITIONSHAPE($,$,(#1540));
#1542=IFCCARTESIANPOINT((7.9000000000000004,0.40000000000000002,0.));
#1543=IFCDIRECTION((0.,0.,1.));
#1544=IFCDIRECTION((1.,0.,0.));
#1545=IFCAXIS2PLACEMENT3D(#1542,#1543,#1544);
#1546=IFCLOCALPLACEMENT(#22,#1545);
#1547=IFCSPACE('35qRodPx987ei9i63J$$LA',$,'\X2\04210430043D044304370435043B\X0\ (\X2\043A0432\X0\.1 2\X2\041A\X0\)',$,$,#1570,#1565,$,$,$,$);
#1553=IFCCARTESIANPOINT((0.,0.));
#1554=IFCCARTESIANPOINT((2.,0.));
#1555=IFCCARTESIANPOINT((2.,2.6000000000000001));
#1556=IFCCARTESIANPOINT((0.,2.6000000000000001));
#1557=IFCPOLYLINE((#1553,#1554,#1555,#1556,#1553));
#1558=IFCARBITRARYCLOSEDPROFILEDEF(.AREA.,$,#1557);
#1559=IFCDIRECTION((0.,0.,1.));
#1560=IFCCARTESIANPOINT((0.,0.,0.));
#1561=IFCAXIS2PLACEMENT3D(#1560,$,$);
#1562=IFCEXTRUDEDAREASOLID(#1558,#1561,#1559,2.7000000000000002);
#1563=IFCSHAPEREPRESENTATION(#11,'Body','SweptSolid',(#1562));
#1564=IFCPRODUCTDEFINITIONSHAPE($,$,(#1563));
#1565=IFCPRODUCTDEFINITIONSHAPE($,$,(#1564));
#1566=IFCCARTESIANPOINT((4.9000000000000004,3.3999999999999999,0.));
#1567=IFCDIRECTION((0.,0.,1.));
#1568=IFCDIRECTION((1.,0.,0.));
#1569=IFCAXIS2PLACEMENT3D(#1566,#1567,#1568);
#1570=IFCLOCALPLACEMENT(#22,#1569);
#1571=IFCSPACE('0DHe1DZuX3pQaxUuN8olWP',$,'\X2\0413043E044104420438043D0430044F\X0\ (\X2\043A0432\X0\.2 1\X2\041A\X0\)',$,$,#1594,#1589,$,$,$,$);
#1577=IFCCARTESIANPOINT((0.,0.));
#1578=IFCCARTESIANPOINT((5.,0.));
#1579=IFCCARTESIANPOINT((5.,5.5999999999999996));
#1580=IFCCARTESIANPOINT((0.,5.5999999999999996));
#1581=IFCPOLYLINE((#1577,#1578,#1579,#1580,#1577));
#1582=IFCARBITRARYCLOSEDPROFILEDEF(.AREA.,$,#1581);
#1583=IFCDIRECTION((0.,0.,1.));
#1584=IFCCARTESIANPOINT((0.,0.,0.));
#1585=IFCAXIS2PLACEMENT3D(#1584,$,$);
#1586=IFCEXTRUDEDAREASOLID(#1582,#1585,#1583,2.7000000000000002);
#1587=IFCSHAPEREPRESENTATION(#11,'Body','SweptSolid',(#1586));
#1588=IFCPRODUCTDEFINITIONSHAPE($,$,(#1587));
#1589=IFCPRODUCTDEFINITIONSHAPE($,$,(#1588));
#1590=IFCCARTESIANPOINT((13.6,8.,0.));
#1591=IFCDIRECTION((0.,0.,1.));
#1592=IFCDIRECTION((1.,0.,0.));
#1593=IFCAXIS2PLACEMENT3D(#1590,#1591,#1592);
#1594=IFCLOCALPLACEMENT(#22,#1593);
#1595=IFCSPACE('1zIiSYxm5DNwCB5OIuo6ez',$,'\X2\041A04430445043D044F\X0\ (\X2\043A0432\X0\.2 1\X2\041A\X0\)',$,$,#1618,#1613,$,$,$,$);
#1601=IFCCARTESIANPOINT((0.,0.));
#1602=IFCCARTESIANPOINT((3.,0.));
#1603=IFCCARTESIANPOINT((3.,3.));
#1604=IFCCARTESIANPOINT((0.,3.));
#1605=IFCPOLYLINE((#1601,#1602,#1603,#1604,#1601));
#1606=IFCARBITRARYCLOSEDPROFILEDEF(.AREA.,$,#1605);
#1607=IFCDIRECTION((0.,0.,1.));
#1608=IFCCARTESIANPOINT((0.,0.,0.));
#1609=IFCAXIS2PLACEMENT3D(#1608,$,$);
#1610=IFCEXTRUDEDAREASOLID(#1606,#1609,#1607,2.7000000000000002);
#1611=IFCSHAPEREPRESENTATION(#11,'Body','SweptSolid',(#1610));
#1612=IFCPRODUCTDEFINITIONSHAPE($,$,(#1611));
#1613=IFCPRODUCTDEFINITIONSHAPE($,$,(#1612));
#1614=IFCCARTESIANPOINT((18.600000000000001,8.,0.));
#1615=IFCDIRECTION((0.,0.,1.));
#1616=IFCDIRECTION((1.,0.,0.));
#1617=IFCAXIS2PLACEMENT3D(#1614,#1615,#1616);
#1618=IFCLOCALPLACEMENT(#22,#1617);
#1619=IFCSPACE('3ZzoAul_P6w8rzmy$2T_p8',$,'\X2\04210430043D044304370435043B\X0\ (\X2\043A0432\X0\.2 1\X2\041A\X0\)',$,$,#1642,#1637,$,$,$,$);
#1625=IFCCARTESIANPOINT((0.,0.));
#1626=IFCCARTESIANPOINT((2.,0.));
#1627=IFCCARTESIANPOINT((2.,2.6000000000000001));
#1628=IFCCARTESIANPOINT((0.,2.6000000000000001));
#1629=IFCPOLYLINE((#1625,#1626,#1627,#1628,#1625));
#1630=IFCARBITRARYCLOSEDPROFILEDEF(.AREA.,$,#1629);
#1631=IFCDIRECTION((0.,0.,1.));
#1632=IFCCARTESIANPOINT((0.,0.,0.));
#1633=IFCAXIS2PLACEMENT3D(#1632,$,$);
#1634=IFCEXTRUDEDAREASOLID(#1630,#1633,#1631,2.7000000000000002);
#1635=IFCSHAPEREPRESENTATION(#11,'Body','SweptSolid',(#1634));
#1636=IFCPRODUCTDEFINITIONSHAPE($,$,(#1635));
#1637=IFCPRODUCTDEFINITIONSHAPE($,$,(#1636));
#1638=IFCCARTESIANPOINT((18.600000000000001,11.,0.));
#1639=IFCDIRECTION((0.,0.,1.));
#1640=IFCDIRECTION((1.,0.,0.));
#1641=IFCAXIS2PLACEMENT3D(#1638,#1639,#1640);
#1642=IFCLOCALPLACEMENT(#22,#1641);
#1643=IFCBUILDINGSTOREY('2lTZvStNv9muJ0vsfSm501',$,'\X2\042D044204300436\X0\ 2',$,$,#1648,$,$,$,3.);
#1644=IFCCARTESIANPOINT((0.,0.,3.));
#1645=IFCDIRECTION((0.,0.,1.));
#1646=IFCDIRECTION((1.,0.,0.));
#1647=IFCAXIS2PLACEMENT3D(#1644,#1645,#1646);
#1648=IFCLOCALPLACEMENT($,#1647);
#1649=IFCSLAB('0sbXBRrxn58wf_xwLVCwH9',$,'Slab-2',$,$,#2987,#1667,$,$);
#1655=IFCCARTESIANPOINT((0.,0.));
#1656=IFCCARTESIANPOINT((24.,0.));
#1657=IFCCARTESIANPOINT((24.,14.));
#1658=IFCCARTESIANPOINT((0.,14.));
#1659=IFCPOLYLINE((#1655,#1656,#1657,#1658,#1655));
#1660=IFCARBITRARYCLOSEDPROFILEDEF(.AREA.,$,#1659);
#1661=IFCDIRECTION((0.,0.,1.));
#1662=IFCCARTESIANPOINT((0.,0.,0.));
#1663=IFCAXIS2PLACEMENT3D(#1662,$,$);
#1664=IFCEXTRUDEDAREASOLID(#1660,#1663,#1661,0.20000000000000001);
#1665=IFCSHAPEREPRESENTATION(#11,'Body','SweptSolid',(#1664));
#1666=IFCPRODUCTDEFINITIONSHAPE($,$,(#1665));
#1667=IFCPRODUCTDEFINITIONSHAPE($,$,(#1666));
#1668=IFCWALL('2C$WyvLYHEfRHcx4tca_2K',$,'W-2-1',$,$,#2792,#1684,$,$);
#1674=IFCCARTESIANPOINTLIST2D(((0.,0.),(0.,0.40000000000000002),(24.,0.40000000000000002),(24.,0.),(0.,0.)));
#1675=IFCINDEXEDPOLYCURVE(#1674,$,.F.);
#1676=IFCDIRECTION((0.,0.,1.));
#1677=IFCARBITRARYCLOSEDPROFILEDEF(.AREA.,$,#1675);
#1678=IFCCARTESIANPOINT((0.,0.,0.));
#1679=IFCDIRECTION((0.,0.,1.));
#1680=IFCDIRECTION((1.,0.,0.));
#1681=IFCAXIS2PLACEMENT3D(#1678,#1679,#1680);
#1682=IFCEXTRUDEDAREASOLID(#1677,#1681,#1676,3.);
#1683=IFCSHAPEREPRESENTATION(#11,'Body','SweptSolid',(#1682));
#1684=IFCPRODUCTDEFINITIONSHAPE($,$,(#1683));
#1685=IFCWALL('1h2hUR9OXCZh$Zj$Z9vhCx',$,'W-2-2',$,$,#2867,#1701,$,$);
#1691=IFCCARTESIANPOINTLIST2D(((0.,0.),(0.,0.40000000000000002),(14.,0.40000000000000002),(14.,0.),(0.,0.)));
#1692=IFCINDEXEDPOLYCURVE(#1691,$,.F.);
#1693=IFCDIRECTION((0.,0.,1.));
#1694=IFCARBITRARYCLOSEDPROFILEDEF(.AREA.,$,#1692);
#1695=IFCCARTESIANPOINT((0.,0.,0.));
#1696=IFCDIRECTION((0.,0.,1.));
#1697=IFCDIRECTION((1.,0.,0.));
#1698=IFCAXIS2PLACEMENT3D(#1695,#1696,#1697);
#1699=IFCEXTRUDEDAREASOLID(#1694,#1698,#1693,3.);
#1700=IFCSHAPEREPRESENTATION(#11,'Body','SweptSolid',(#1699));
#1701=IFCPRODUCTDEFINITIONSHAPE($,$,(#1700));
#1702=IFCWALL('2r1AdCFIPE39bCQOFTQ50R',$,'W-2-3',$,$,#2967,#1718,$,$);
#1708=IFCCARTESIANPOINTLIST2D(((0.,0.),(0.,0.40000000000000002),(24.,0.40000000000000002),(24.,0.),(0.,0.)));
#1709=IFCINDEXEDPOLYCURVE(#1708,$,.F.);
#1710=IFCDIRECTION((0.,0.,1.));
#1711=IFCARBITRARYCLOSEDPROFILEDEF(.AREA.,$,#1709);
#1712=IFCCARTESIANPOINT((0.,0.,0.));
#1713=IFCDIRECTION((0.,0.,1.));
#1714=IFCDIRECTION((1.,0.,0.));
#1715=IFCAXIS2PLACEMENT3D(#1712,#1713,#1714);
#1716=IFCEXTRUDEDAREASOLID(#1711,#1715,#1710,3.);
#1717=IFCSHAPEREPRESENTATION(#11,'Body','SweptSolid',(#1716));
#1718=IFCPRODUCTDEFINITIONSHAPE($,$,(#1717));
#1719=IFCWALL('1F9omXSu9AXeKa$DL75t5s',$,'W-2-4',$,$,#2747,#1735,$,$);
#1725=IFCCARTESIANPOINTLIST2D(((0.,0.),(0.,0.40000000000000002),(14.,0.40000000000000002),(14.,0.),(0.,0.)));
#1726=IFCINDEXEDPOLYCURVE(#1725,$,.F.);
#1727=IFCDIRECTION((0.,0.,1.));
#1728=IFCARBITRARYCLOSEDPROFILEDEF(.AREA.,$,#1726);
#1729=IFCCARTESIANPOINT((0.,0.,0.));
#1730=IFCDIRECTION((0.,0.,1.));
#1731=IFCDIRECTION((1.,0.,0.));
#1732=IFCAXIS2PLACEMENT3D(#1729,#1730,#1731);
#1733=IFCEXTRUDEDAREASOLID(#1728,#1732,#1727,3.);
#1734=IFCSHAPEREPRESENTATION(#11,'Body','SweptSolid',(#1733));
#1735=IFCPRODUCTDEFINITIONSHAPE($,$,(#1734));
#1736=IFCWALL('10H2YqQjf34AIKOlRInZ5S',$,'Core-2-1-1-S',$,$,#2837,#1752,$,$);
#1742=IFCCARTESIANPOINTLIST2D(((0.,0.),(0.,0.40000000000000002),(1.5,0.40000000000000002),(1.5,0.),(0.,0.)));
#1743=IFCINDEXEDPOLYCURVE(#1742,$,.F.);
#1744=IFCDIRECTION((0.,0.,1.));
#1745=IFCARBITRARYCLOSEDPROFILEDEF(.AREA.,$,#1743);
#1746=IFCCARTESIANPOINT((0.,0.,0.));
#1747=IFCDIRECTION((0.,0.,1.));
#1748=IFCDIRECTION((1.,0.,0.));
#1749=IFCAXIS2PLACEMENT3D(#1746,#1747,#1748);
#1750=IFCEXTRUDEDAREASOLID(#1745,#1749,#1744,3.);
#1751=IFCSHAPEREPRESENTATION(#11,'Body','SweptSolid',(#1750));
#1752=IFCPRODUCTDEFINITIONSHAPE($,$,(#1751));
#1753=IFCWALL('08j5di7ef98PhR0RRxGLKS',$,'Core-2-1-1-E',$,$,#2922,#1769,$,$);
#1759=IFCCARTESIANPOINTLIST2D(((0.,0.),(0.,0.40000000000000002),(1.5,0.40000000000000002),(1.5,0.),(0.,0.)));
#1760=IFCINDEXEDPOLYCURVE(#1759,$,.F.);
#1761=IFCDIRECTION((0.,0.,1.));
#1762=IFCARBITRARYCLOSEDPROFILEDEF(.AREA.,$,#1760);
#1763=IFCCARTESIANPOINT((0.,0.,0.));
#1764=IFCDIRECTION((0.,0.,1.));
#1765=IFCDIRECTION((1.,0.,0.));
#1766=IFCAXIS2PLACEMENT3D(#1763,#1764,#1765);
#1767=IFCEXTRUDEDAREASOLID(#1762,#1766,#1761,3.);
#1768=IFCSHAPEREPRESENTATION(#11,'Body','SweptSolid',(#1767));
#1769=IFCPRODUCTDEFINITIONSHAPE($,$,(#1768));
#1770=IFCWALL('0gDRS40zn3VhRdU1pOeda3',$,'Core-2-1-1-N',$,$,#3007,#1786,$,$);
#1776=IFCCARTESIANPOINTLIST2D(((0.,0.),(0.,0.40000000000000002),(1.5,0.40000000000000002),(1.5,0.),(0.,0.)));
#1777=IFCINDEXEDPOLYCURVE(#1776,$,.F.);
#1778=IFCDIRECTION((0.,0.,1.));
#1779=IFCARBITRARYCLOSEDPROFILEDEF(.AREA.,$,#1777);
#1780=IFCCARTESIANPOINT((0.,0.,0.));
#1781=IFCDIRECTION((0.,0.,1.));
#1782=IFCDIRECTION((1.,0.,0.));
#1783=IFCAXIS2PLACEMENT3D(#1780,#1781,#1782);
#1784=IFCEXTRUDEDAREASOLID(#1779,#1783,#1778,3.);
#1785=IFCSHAPEREPRESENTATION(#11,'Body','SweptSolid',(#1784));
#1786=IFCPRODUCTDEFINITIONSHAPE($,$,(#1785));
#1787=IFCWALL('1cmQFMC$r9aP7aq5DwnSL1',$,'Core-2-1-1-W',$,$,#2787,#1803,$,$);
#1793=IFCCARTESIANPOINTLIST2D(((0.,0.),(0.,0.40000000000000002),(1.5,0.40000000000000002),(1.5,0.),(0.,0.)));
#1794=IFCINDEXEDPOLYCURVE(#1793,$,.F.);
#1795=IFCDIRECTION((0.,0.,1.));
#1796=IFCARBITRARYCLOSEDPROFILEDEF(.AREA.,$,#1794);
#1797=IFCCARTESIANPOINT((0.,0.,0.));
#1798=IFCDIRECTION((0.,0.,1.));
#1799=IFCDIRECTION((1.,0.,0.));
#1800=IFCAXIS2PLACEMENT3D(#1797,#1798,#1799);
#1801=IFCEXTRUDEDAREASOLID(#1796,#1800,#1795,3.);
#1802=IFCSHAPEREPRESENTATION(#11,'Body','SweptSolid',(#1801));
#1803=IFCPRODUCTDEFINITIONSHAPE($,$,(#1802));
#1804=IFCWALL('2W9OA07fHCkB4gntPAnmpB',$,'Core-2-1-2-S',$,$,#2902,#1820,$,$);
#1810=IFCCARTESIANPOINTLIST2D(((0.,0.),(0.,0.40000000000000002),(2.0999999999999996,0.40000000000000002),(2.0999999999999996,0.),(0.,0.)));
#1811=IFCINDEXEDPOLYCURVE(#1810,$,.F.);
#1812=IFCDIRECTION((0.,0.,1.));
#1813=IFCARBITRARYCLOSEDPROFILEDEF(.AREA.,$,#1811);
#1814=IFCCARTESIANPOINT((0.,0.,0.));
#1815=IFCDIRECTION((0.,0.,1.));
#1816=IFCDIRECTION((1.,0.,0.));
#1817=IFCAXIS2PLACEMENT3D(#1814,#1815,#1816);
#1818=IFCEXTRUDEDAREASOLID(#1813,#1817,#1812,3.);
#1819=IFCSHAPEREPRESENTATION(#11,'Body','SweptSolid',(#1818));
#1820=IFCPRODUCTDEFINITIONSHAPE($,$,(#1819));
#1821=IFCWALL('3_wWS5hCXB_O3giUPCfUQq',$,'Core-2-1-2-E',$,$,#2962,#1837,$,$);
#1827=IFCCARTESIANPOINTLIST2D(((0.,0.),(0.,0.40000000000000002),(5.5,0.40000000000000002),(5.5,0.),(0.,0.)));
#1828=IFCINDEXEDPOLYCURVE(#1827,$,.F.);
#1829=IFCDIRECTION((0.,0.,1.));
#1830=IFCARBITRARYCLOSEDPROFILEDEF(.AREA.,$,#1828);
#1831=IFCCARTESIANPOINT((0.,0.,0.));
#1832=IFCDIRECTION((0.,0.,1.));
#1833=IFCDIRECTION((1.,0.,0.));
#1834=IFCAXIS2PLACEMENT3D(#1831,#1832,#1833);
#1835=IFCEXTRUDEDAREASOLID(#1830,#1834,#1829,3.);
#1836=IFCSHAPEREPRESENTATION(#11,'Body','SweptSolid',(#1835));
#1837=IFCPRODUCTDEFINITIONSHAPE($,$,(#1836));
#1838=IFCWALL('0WYYRrGXb5kPZuuRSvRMGm',$,'Core-2-1-2-N',$,$,#2722,#1854,$,$);
#1844=IFCCARTESIANPOINTLIST2D(((0.,0.),(0.,0.40000000000000002),(2.0999999999999996,0.40000000000000002),(2.0999999999999996,0.),(0.,0.)));
#1845=IFCINDEXEDPOLYCURVE(#1844,$,.F.);
#1846=IFCDIRECTION((0.,0.,1.));
#1847=IFCARBITRARYCLOSEDPROFILEDEF(.AREA.,$,#1845);
#1848=IFCCARTESIANPOINT((0.,0.,0.));
#1849=IFCDIRECTION((0.,0.,1.));
#1850=IFCDIRECTION((1.,0.,0.));
#1851=IFCAXIS2PLACEMENT3D(#1848,#1849,#1850);
#1852=IFCEXTRUDEDAREASOLID(#1847,#1851,#1846,3.);
#1853=IFCSHAPEREPRESENTATION(#11,'Body','SweptSolid',(#1852));
#1854=IFCPRODUCTDEFINITIONSHAPE($,$,(#1853));
#1855=IFCWALL('09D24DnnTFN8jWxfj3MdaD',$,'Core-2-1-2-W',$,$,#2797,#1871,$,$);
#1861=IFCCARTESIANPOINTLIST2D(((0.,0.),(0.,0.40000000000000002),(5.5,0.40000000000000002),(5.5,0.),(0.,0.)));
#1862=IFCINDEXEDPOLYCURVE(#1861,$,.F.);
#1863=IFCDIRECTION((0.,0.,1.));
#1864=IFCARBITRARYCLOSEDPROFILEDEF(.AREA.,$,#1862);
#1865=IFCCARTESIANPOINT((0.,0.,0.));
#1866=IFCDIRECTION((0.,0.,1.));
#1867=IFCDIRECTION((1.,0.,0.));
#1868=IFCAXIS2PLACEMENT3D(#1865,#1866,#1867);
#1869=IFCEXTRUDEDAREASOLID(#1864,#1868,#1863,3.);
#1870=IFCSHAPEREPRESENTATION(#11,'Body','SweptSolid',(#1869));
#1871=IFCPRODUCTDEFINITIONSHAPE($,$,(#1870));
#1872=IFCSTAIR('0l6QEG8O9Clh6vocgjgYgT',$,'Stair-2-1',$,$,#2862,#1890,$,$);
#1878=IFCCARTESIANPOINT((0.,0.));
#1879=IFCCARTESIANPOINT((1.3,0.));
#1880=IFCCARTESIANPOINT((1.3,4.7000000000000002));
#1881=IFCCARTESIANPOINT((0.,4.7000000000000002));
#1882=IFCPOLYLINE((#1878,#1879,#1880,#1881,#1878));
#1883=IFCARBITRARYCLOSEDPROFILEDEF(.AREA.,$,#1882);
#1884=IFCDIRECTION((0.,0.,1.));
#1885=IFCCARTESIANPOINT((0.,0.,0.));
#1886=IFCAXIS2PLACEMENT3D(#1885,$,$);
#1887=IFCEXTRUDEDAREASOLID(#1883,#1886,#1884,2.7999999999999998);
#1888=IFCSHAPEREPRESENTATION(#11,'Body','SweptSolid',(#1887));
#1889=IFCPRODUCTDEFINITIONSHAPE($,$,(#1888));
#1890=IFCPRODUCTDEFINITIONSHAPE($,$,(#1889));
#1891=IFCWALL('2VfITFfPr8LP_PMf3G9VwW',$,'Corr-2-1-S',$,$,#2992,#1907,$,$);
#1897=IFCCARTESIANPOINTLIST2D(((0.,0.),(0.,0.12),(24.,0.12),(24.,0.),(0.,0.)));
#1898=IFCINDEXEDPOLYCURVE(#1897,$,.F.);
#1899=IFCDIRECTION((0.,0.,1.));
#1900=IFCARBITRARYCLOSEDPROFILEDEF(.AREA.,$,#1898);
#1901=IFCCARTESIANPOINT((0.,0.,0.));
#1902=IFCDIRECTION((0.,0.,1.));
#1903=IFCDIRECTION((1.,0.,0.));
#1904=IFCAXIS2PLACEMENT3D(#1901,#1902,#1903);
#1905=IFCEXTRUDEDAREASOLID(#1900,#1904,#1899,3.);
#1906=IFCSHAPEREPRESENTATION(#11,'Body','SweptSolid',(#1905));
#1907=IFCPRODUCTDEFINITIONSHAPE($,$,(#1906));
#1908=IFCWALL('0cavbdmsT3Ze$5FRRu3rsq',$,'Corr-2-1-N',$,$,#2812,#1924,$,$);
#1914=IFCCARTESIANPOINTLIST2D(((0.,0.),(0.,0.12),(24.,0.12),(24.,0.),(0.,0.)));
#1915=IFCINDEXEDPOLYCURVE(#1914,$,.F.);
#1916=IFCDIRECTION((0.,0.,1.));
#1917=IFCARBITRARYCLOSEDPROFILEDEF(.AREA.,$,#1915);
#1918=IFCCARTESIANPOINT((0.,0.,0.));
#1919=IFCDIRECTION((0.,0.,1.));
#1920=IFCDIRECTION((1.,0.,0.));
#1921=IFCAXIS2PLACEMENT3D(#1918,#1919,#1920);
#1922=IFCEXTRUDEDAREASOLID(#1917,#1921,#1916,3.);
#1923=IFCSHAPEREPRESENTATION(#11,'Body','SweptSolid',(#1922));
#1924=IFCPRODUCTDEFINITIONSHAPE($,$,(#1923));
#1925=IFCWALL('2pm$a9RurFtfnxXkmIwZH7',$,'Room-2-1-1-1-S-pre0',$,$,#2887,#1941,$,$);
#1931=IFCCARTESIANPOINTLIST2D(((0.,0.),(0.,0.12),(0.99999999999999989,0.12),(0.99999999999999989,0.),(0.,0.)));
#1932=IFCINDEXEDPOLYCURVE(#1931,$,.F.);
#1933=IFCDIRECTION((0.,0.,1.));
#1934=IFCARBITRARYCLOSEDPROFILEDEF(.AREA.,$,#1932);
#1935=IFCCARTESIANPOINT((0.,0.,0.));
#1936=IFCDIRECTION((0.,0.,1.));
#1937=IFCDIRECTION((1.,0.,0.));
#1938=IFCAXIS2PLACEMENT3D(#1935,#1936,#1937);
#1939=IFCEXTRUDEDAREASOLID(#1934,#1938,#1933,3.);
#1940=IFCSHAPEREPRESENTATION(#11,'Body','SweptSolid',(#1939));
#1941=IFCPRODUCTDEFINITIONSHAPE($,$,(#1940));
#1942=IFCWALL('3DKHv84bn1gueEx4d1MyFF',$,'Room-2-1-1-1-S-sill0',$,$,#2947,#1958,$,$);
#1948=IFCCARTESIANPOINTLIST2D(((0.,0.),(0.,0.12),(1.7999999999999998,0.12),(1.7999999999999998,0.),(0.,0.)));
#1949=IFCINDEXEDPOLYCURVE(#1948,$,.F.);
#1950=IFCDIRECTION((0.,0.,1.));
#1951=IFCARBITRARYCLOSEDPROFILEDEF(.AREA.,$,#1949);
#1952=IFCCARTESIANPOINT((0.,0.,0.));
#1953=IFCDIRECTION((0.,0.,1.));
#1954=IFCDIRECTION((1.,0.,0.));
#1955=IFCAXIS2PLACEMENT3D(#1952,#1953,#1954);
#1956=IFCEXTRUDEDAREASOLID(#1951,#1955,#1950,0.90000000000000002);
#1957=IFCSHAPEREPRESENTATION(#11,'Body','SweptSolid',(#1956));
#1958=IFCPRODUCTDEFINITIONSHAPE($,$,(#1957));
#1959=IFCWALL('2pwTy4$UPEces6WrX3qzgm',$,'Room-2-1-1-1-S-lin0',$,$,#2732,#1975,$,$);
#1965=IFCCARTESIANPOINTLIST2D(((0.,0.),(0.,0.12),(1.7999999999999998,0.12),(1.7999999999999998,0.),(0.,0.)));
#1966=IFCINDEXEDPOLYCURVE(#1965,$,.F.);
#1967=IFCDIRECTION((0.,0.,1.));
#1968=IFCARBITRARYCLOSEDPROFILEDEF(.AREA.,$,#1966);
#1969=IFCCARTESIANPOINT((0.,0.,0.));
#1970=IFCDIRECTION((0.,0.,1.));
#1971=IFCDIRECTION((1.,0.,0.));
#1972=IFCAXIS2PLACEMENT3D(#1969,#1970,#1971);
#1973=IFCEXTRUDEDAREASOLID(#1968,#1972,#1967,0.60000000000000009);
#1974=IFCSHAPEREPRESENTATION(#11,'Body','SweptSolid',(#1973));
#1975=IFCPRODUCTDEFINITIONSHAPE($,$,(#1974));
#1976=IFCWINDOW('28qp2xMwjEdgEnVzt6pOaC',$,'Room-2-1-1-1-S-window',$,$,#2807,#1994,$,$,$,$,$,$);
#1982=IFCCARTESIANPOINT((0.,0.039999999999999994));
#1983=IFCCARTESIANPOINT((1.8,0.039999999999999994));
#1984=IFCCARTESIANPOINT((1.8,0.079999999999999988));
#1985=IFCCARTESIANPOINT((0.,0.079999999999999988));
#1986=IFCPOLYLINE((#1982,#1983,#1984,#1985,#1982));
#1987=IFCARBITRARYCLOSEDPROFILEDEF(.AREA.,$,#1986);
#1988=IFCDIRECTION((0.,0.,1.));
#1989=IFCCARTESIANPOINT((0.,0.,0.));
#1990=IFCAXIS2PLACEMENT3D(#1989,$,$);
#1991=IFCEXTRUDEDAREASOLID(#1987,#1990,#1988,1.5);
#1992=IFCSHAPEREPRESENTATION(#11,'Body','SweptSolid',(#1991));
#1993=IFCPRODUCTDEFINITIONSHAPE($,$,(#1992));
#1994=IFCPRODUCTDEFINITIONSHAPE($,$,(#1993));
#1995=IFCWALL('1bYVNHCPHBiuMN37bgHNgL',$,'Room-2-1-1-1-S-post',$,$,#2927,#2011,$,$);
#2001=IFCCARTESIANPOINTLIST2D(((0.,0.),(0.,0.12),(1.7000000000000006,0.12),(1.7000000000000006,0.),(0.,0.)));
#2002=IFCINDEXEDPOLYCURVE(#2001,$,.F.);
#2003=IFCDIRECTION((0.,0.,1.));
#2004=IFCARBITRARYCLOSEDPROFILEDEF(.AREA.,$,#2002);
#2005=IFCCARTESIANPOINT((0.,0.,0.));
#2006=IFCDIRECTION((0.,0.,1.));
#2007=IFCDIRECTION((1.,0.,0.));
#2008=IFCAXIS2PLACEMENT3D(#2005,#2006,#2007);
#2009=IFCEXTRUDEDAREASOLID(#2004,#2008,#2003,3.);
#2010=IFCSHAPEREPRESENTATION(#11,'Body','SweptSolid',(#2009));
#2011=IFCPRODUCTDEFINITIONSHAPE($,$,(#2010));
#2012=IFCWALL('1W9xXdNhHB2e4fgsiPsVu0',$,'Room-2-1-1-1-E-post',$,$,#3012,#2028,$,$);
#2018=IFCCARTESIANPOINTLIST2D(((0.,0.),(0.,0.12),(5.5999999999999996,0.12),(5.5999999999999996,0.),(0.,0.)));
#2019=IFCINDEXEDPOLYCURVE(#2018,$,.F.);
#2020=IFCDIRECTION((0.,0.,1.));
#2021=IFCARBITRARYCLOSEDPROFILEDEF(.AREA.,$,#2019);
#2022=IFCCARTESIANPOINT((0.,0.,0.));
#2023=IFCDIRECTION((0.,0.,1.));
#2024=IFCDIRECTION((1.,0.,0.));
#2025=IFCAXIS2PLACEMENT3D(#2022,#2023,#2024);
#2026=IFCEXTRUDEDAREASOLID(#2021,#2025,#2020,3.);
#2027=IFCSHAPEREPRESENTATION(#11,'Body','SweptSolid',(#2026));
#2028=IFCPRODUCTDEFINITIONSHAPE($,$,(#2027));
#2029=IFCWALL('1CKdBOK7XCzBXu0g61EOk8',$,'Room-2-1-1-1-N-post',$,$,#2822,#2045,$,$);
#2035=IFCCARTESIANPOINTLIST2D(((0.,0.),(0.,0.12),(4.5,0.12),(4.5,0.),(0.,0.)));
#2036=IFCINDEXEDPOLYCURVE(#2035,$,.F.);
#2037=IFCDIRECTION((0.,0.,1.));
#2038=IFCARBITRARYCLOSEDPROFILEDEF(.AREA.,$,#2036);
#2039=IFCCARTESIANPOINT((0.,0.,0.));
#2040=IFCDIRECTION((0.,0.,1.));
#2041=IFCDIRECTION((1.,0.,0.));
#2042=IFCAXIS2PLACEMENT3D(#2039,#2040,#2041);
#2043=IFCEXTRUDEDAREASOLID(#2038,#2042,#2037,3.);
#2044=IFCSHAPEREPRESENTATION(#11,'Body','SweptSolid',(#2043));
#2045=IFCPRODUCTDEFINITIONSHAPE($,$,(#2044));
#2046=IFCWALL('1DJGGH6DjDGu0AYMwd9OZ8',$,'Room-2-1-1-1-W-post',$,$,#2907,#2062,$,$);
#2052=IFCCARTESIANPOINTLIST2D(((0.,0.),(0.,0.12),(5.5999999999999996,0.12),(5.5999999999999996,0.),(0.,0.)));
#2053=IFCINDEXEDPOLYCURVE(#2052,$,.F.);
#2054=IFCDIRECTION((0.,0.,1.));
#2055=IFCARBITRARYCLOSEDPROFILEDEF(.AREA.,$,#2053);
#2056=IFCCARTESIANPOINT((0.,0.,0.));
#2057=IFCDIRECTION((0.,0.,1.));
#2058=IFCDIRECTION((1.,0.,0.));
#2059=IFCAXIS2PLACEMENT3D(#2056,#2057,#2058);
#2060=IFCEXTRUDEDAREASOLID(#2055,#2059,#2054,3.);
#2061=IFCSHAPEREPRESENTATION(#11,'Body','SweptSolid',(#2060));
#2062=IFCPRODUCTDEFINITIONSHAPE($,$,(#2061));
#2063=IFCWALL('1CsLIKM1v4KePxNgoONbuq',$,'Room-2-1-1-2-S-pre0',$,$,#2972,#2079,$,$);
#2069=IFCCARTESIANPOINTLIST2D(((0.,0.),(0.,0.12),(0.59999999999999964,0.12),(0.59999999999999964,0.),(0.,0.)));
#2070=IFCINDEXEDPOLYCURVE(#2069,$,.F.);
#2071=IFCDIRECTION((0.,0.,1.));
#2072=IFCARBITRARYCLOSEDPROFILEDEF(.AREA.,$,#2070);
#2073=IFCCARTESIANPOINT((0.,0.,0.));
#2074=IFCDIRECTION((0.,0.,1.));
#2075=IFCDIRECTION((1.,0.,0.));
#2076=IFCAXIS2PLACEMENT3D(#2073,#2074,#2075);
#2077=IFCEXTRUDEDAREASOLID(#2072,#2076,#2071,3.);
#2078=IFCSHAPEREPRESENTATION(#11,'Body','SweptSolid',(#2077));
#2079=IFCPRODUCTDEFINITIONSHAPE($,$,(#2078));
#2080=IFCWALL('3mz62yL6rD$f2mmIVTg_6V',$,'Room-2-1-1-2-S-sill0',$,$,#2752,#2096,$,$);
#2086=IFCCARTESIANPOINTLIST2D(((0.,0.),(0.,0.12),(1.5,0.12),(1.5,0.),(0.,0.)));
#2087=IFCINDEXEDPOLYCURVE(#2086,$,.F.);
#2088=IFCDIRECTION((0.,0.,1.));
#2089=IFCARBITRARYCLOSEDPROFILEDEF(.AREA.,$,#2087);
#2090=IFCCARTESIANPOINT((0.,0.,0.));
#2091=IFCDIRECTION((0.,0.,1.));
#2092=IFCDIRECTION((1.,0.,0.));
#2093=IFCAXIS2PLACEMENT3D(#2090,#2091,#2092);
#2094=IFCEXTRUDEDAREASOLID(#2089,#2093,#2088,0.90000000000000002);
#2095=IFCSHAPEREPRESENTATION(#11,'Body','SweptSolid',(#2094));
#2096=IFCPRODUCTDEFINITIONSHAPE($,$,(#2095));
#2097=IFCWALL('0Vk17c$azEmAKIhOJqFcnq',$,'Room-2-1-1-2-S-lin0',$,$,#2842,#2113,$,$);
#2103=IFCCARTESIANPOINTLIST2D(((0.,0.),(0.,0.12),(1.5,0.12),(1.5,0.),(0.,0.)));
#2104=IFCINDEXEDPOLYCURVE(#2103,$,.F.);
#2105=IFCDIRECTION((0.,0.,1.));
#2106=IFCARBITRARYCLOSEDPROFILEDEF(.AREA.,$,#2104);
#2107=IFCCARTESIANPOINT((0.,0.,0.));
#2108=IFCDIRECTION((0.,0.,1.));
#2109=IFCDIRECTION((1.,0.,0.));
#2110=IFCAXIS2PLACEMENT3D(#2107,#2108,#2109);
#2111=IFCEXTRUDEDAREASOLID(#2106,#2110,#2105,0.60000000000000009);
#2112=IFCSHAPEREPRESENTATION(#11,'Body','SweptSolid',(#2111));
#2113=IFCPRODUCTDEFINITIONSHAPE($,$,(#2112));
#2114=IFCWINDOW('1LqPgCvlz4T8QlzETgwAJw',$,'Room-2-1-1-2-S-window',$,$,#2872,#2132,$,$,$,$,$,$);
#2120=IFCCARTESIANPOINT((0.,0.039999999999999994));
#2121=IFCCARTESIANPOINT((1.5,0.039999999999999994));
#2122=IFCCARTESIANPOINT((1.5,0.079999999999999988));
#2123=IFCCARTESIANPOINT((0.,0.079999999999999988));
#2124=IFCPOLYLINE((#2120,#2121,#2122,#2123,#2120));
#2125=IFCARBITRARYCLOSEDPROFILEDEF(.AREA.,$,#2124);
#2126=IFCDIRECTION((0.,0.,1.));
#2127=IFCCARTESIANPOINT((0.,0.,0.));
#2128=IFCAXIS2PLACEMENT3D(#2127,$,$);
#2129=IFCEXTRUDEDAREASOLID(#2125,#2128,#2126,1.5);
#2130=IFCSHAPEREPRESENTATION(#11,'Body','SweptSolid',(#2129));
#2131=IFCPRODUCTDEFINITIONSHAPE($,$,(#2130));
#2132=IFCPRODUCTDEFINITIONSHAPE($,$,(#2131));
#2133=IFCWALL('2uzv1_Rr93IvqHXzx9agsu',$,'Room-2-1-1-2-S-post',$,$,#3027,#2149,$,$);
#2139=IFCCARTESIANPOINTLIST2D(((0.,0.),(0.,0.12),(0.90000000000000036,0.12),(0.90000000000000036,0.),(0.,0.)));
#2140=IFCINDEXEDPOLYCURVE(#2139,$,.F.);
#2141=IFCDIRECTION((0.,0.,1.));
#2142=IFCARBITRARYCLOSEDPROFILEDEF(.AREA.,$,#2140);
#2143=IFCCARTESIANPOINT((0.,0.,0.));
#2144=IFCDIRECTION((0.,0.,1.));
#2145=IFCDIRECTION((1.,0.,0.));
#2146=IFCAXIS2PLACEMENT3D(#2143,#2144,#2145);
#2147=IFCEXTRUDEDAREASOLID(#2142,#2146,#2141,3.);
#2148=IFCSHAPEREPRESENTATION(#11,'Body','SweptSolid',(#2147));
#2149=IFCPRODUCTDEFINITIONSHAPE($,$,(#2148));
#2150=IFCWALL('2eTUHVfy19EOUlzki_3HuJ',$,'Room-2-1-1-2-E-post',$,$,#2817,#2166,$,$);
#2156=IFCCARTESIANPOINTLIST2D(((0.,0.),(0.,0.12),(3.,0.12),(3.,0.),(0.,0.)));
#2157=IFCINDEXEDPOLYCURVE(#2156,$,.F.);
#2158=IFCDIRECTION((0.,0.,1.));
#2159=IFCARBITRARYCLOSEDPROFILEDEF(.AREA.,$,#2157);
#2160=IFCCARTESIANPOINT((0.,0.,0.));
#2161=IFCDIRECTION((0.,0.,1.));
#2162=IFCDIRECTION((1.,0.,0.));
#2163=IFCAXIS2PLACEMENT3D(#2160,#2161,#2162);
#2164=IFCEXTRUDEDAREASOLID(#2159,#2163,#2158,3.);
#2165=IFCSHAPEREPRESENTATION(#11,'Body','SweptSolid',(#2164));
#2166=IFCPRODUCTDEFINITIONSHAPE($,$,(#2165));
#2167=IFCWALL('0UpTnfmXj9wQqpZH0AhK4F',$,'Room-2-1-1-2-N-post',$,$,#2892,#2183,$,$);
#2173=IFCCARTESIANPOINTLIST2D(((0.,0.),(0.,0.12),(3.,0.12),(3.,0.),(0.,0.)));
#2174=IFCINDEXEDPOLYCURVE(#2173,$,.F.);
#2175=IFCDIRECTION((0.,0.,1.));
#2176=IFCARBITRARYCLOSEDPROFILEDEF(.AREA.,$,#2174);
#2177=IFCCARTESIANPOINT((0.,0.,0.));
#2178=IFCDIRECTION((0.,0.,1.));
#2179=IFCDIRECTION((1.,0.,0.));
#2180=IFCAXIS2PLACEMENT3D(#2177,#2178,#2179);
#2181=IFCEXTRUDEDAREASOLID(#2176,#2180,#2175,3.);
#2182=IFCSHAPEREPRESENTATION(#11,'Body','SweptSolid',(#2181));
#2183=IFCPRODUCTDEFINITIONSHAPE($,$,(#2182));
#2184=IFCWALL('1aOM1gd4j6aPrhkvwam4pO',$,'Room-2-1-1-2-W-post',$,$,#2952,#2200,$,$);
#2190=IFCCARTESIANPOINTLIST2D(((0.,0.),(0.,0.12),(3.,0.12),(3.,0.),(0.,0.)));
#2191=IFCINDEXEDPOLYCURVE(#2190,$,.F.);
#2192=IFCDIRECTION((0.,0.,1.));
#2193=IFCARBITRARYCLOSEDPROFILEDEF(.AREA.,$,#2191);
#2194=IFCCARTESIANPOINT((0.,0.,0.));
#2195=IFCDIRECTION((0.,0.,1.));
#2196=IFCDIRECTION((1.,0.,0.));
#2197=IFCAXIS2PLACEMENT3D(#2194,#2195,#2196);
#2198=IFCEXTRUDEDAREASOLID(#2193,#2197,#2192,3.);
#2199=IFCSHAPEREPRESENTATION(#11,'Body','SweptSolid',(#2198));
#2200=IFCPRODUCTDEFINITIONSHAPE($,$,(#2199));
#2201=IFCWALL('25k7sJH3b87xJo26PRctIZ',$,'Room-2-1-1-3-S-post',$,$,#2737,#2217,$,$);
#2207=IFCCARTESIANPOINTLIST2D(((0.,0.),(0.,0.12),(2.5,0.12),(2.5,0.),(0.,0.)));
#2208=IFCINDEXEDPOLYCURVE(#2207,$,.F.);
#2209=IFCDIRECTION((0.,0.,1.));
#2210=IFCARBITRARYCLOSEDPROFILEDEF(.AREA.,$,#2208);
#2211=IFCCARTESIANPOINT((0.,0.,0.));
#2212=IFCDIRECTION((0.,0.,1.));
#2213=IFCDIRECTION((1.,0.,0.));
#2214=IFCAXIS2PLACEMENT3D(#2211,#2212,#2213);
#2215=IFCEXTRUDEDAREASOLID(#2210,#2214,#2209,3.);
#2216=IFCSHAPEREPRESENTATION(#11,'Body','SweptSolid',(#2215));
#2217=IFCPRODUCTDEFINITIONSHAPE($,$,(#2216));
#2218=IFCWALL('14UNYLnkP5pgrOhUqPg2h0',$,'Room-2-1-1-3-E-post',$,$,#2832,#2234,$,$);
#2224=IFCCARTESIANPOINTLIST2D(((0.,0.),(0.,0.12),(3.5,0.12),(3.5,0.),(0.,0.)));
#2225=IFCINDEXEDPOLYCURVE(#2224,$,.F.);
#2226=IFCDIRECTION((0.,0.,1.));
#2227=IFCARBITRARYCLOSEDPROFILEDEF(.AREA.,$,#2225);
#2228=IFCCARTESIANPOINT((0.,0.,0.));
#2229=IFCDIRECTION((0.,0.,1.));
#2230=IFCDIRECTION((1.,0.,0.));
#2231=IFCAXIS2PLACEMENT3D(#2228,#2229,#2230);
#2232=IFCEXTRUDEDAREASOLID(#2227,#2231,#2226,3.);
#2233=IFCSHAPEREPRESENTATION(#11,'Body','SweptSolid',(#2232));
#2234=IFCPRODUCTDEFINITIONSHAPE($,$,(#2233));
#2235=IFCWALL('1WgSvQZVH14f0O0SUif15r',$,'Room-2-1-1-3-N-pre0',$,$,#2917,#2251,$,$);
#2241=IFCCARTESIANPOINTLIST2D(((0.,0.),(0.,0.12),(0.5,0.12),(0.5,0.),(0.,0.)));
#2242=IFCINDEXEDPOLYCURVE(#2241,$,.F.);
#2243=IFCDIRECTION((0.,0.,1.));
#2244=IFCARBITRARYCLOSEDPROFILEDEF(.AREA.,$,#2242);
#2245=IFCCARTESIANPOINT((0.,0.,0.));
#2246=IFCDIRECTION((0.,0.,1.));
#2247=IFCDIRECTION((1.,0.,0.));
#2248=IFCAXIS2PLACEMENT3D(#2245,#2246,#2247);
#2249=IFCEXTRUDEDAREASOLID(#2244,#2248,#2243,3.);
#2250=IFCSHAPEREPRESENTATION(#11,'Body','SweptSolid',(#2249));
#2251=IFCPRODUCTDEFINITIONSHAPE($,$,(#2250));
#2252=IFCWALL('1grjfCHgXBOxqt4DZQsmaG',$,'Room-2-1-1-3-N-lin0',$,$,#2997,#2268,$,$);
#2258=IFCCARTESIANPOINTLIST2D(((0.,0.),(0.,0.12),(0.90000000000000036,0.12),(0.90000000000000036,0.),(0.,0.)));
#2259=IFCINDEXEDPOLYCURVE(#2258,$,.F.);
#2260=IFCDIRECTION((0.,0.,1.));
#2261=IFCARBITRARYCLOSEDPROFILEDEF(.AREA.,$,#2259);
#2262=IFCCARTESIANPOINT((0.,0.,0.));
#2263=IFCDIRECTION((0.,0.,1.));
#2264=IFCDIRECTION((1.,0.,0.));
#2265=IFCAXIS2PLACEMENT3D(#2262,#2263,#2264);
#2266=IFCEXTRUDEDAREASOLID(#2261,#2265,#2260,0.89999999999999991);
#2267=IFCSHAPEREPRESENTATION(#11,'Body','SweptSolid',(#2266));
#2268=IFCPRODUCTDEFINITIONSHAPE($,$,(#2267));
#2269=IFCDOOR('3nO8ngGbf3YApG5Hu$wU27',$,'Room-2-1-1-3-N-door',$,$,#2767,#2287,$,$,$,$,$,$);
#2275=IFCCARTESIANPOINT((0.,0.039999999999999994));
#2276=IFCCARTESIANPOINT((0.90000000000000002,0.039999999999999994));
#2277=IFCCARTESIANPOINT((0.90000000000000002,0.079999999999999988));
#2278=IFCCARTESIANPOINT((0.,0.079999999999999988));
#2279=IFCPOLYLINE((#2275,#2276,#2277,#2278,#2275));
#2280=IFCARBITRARYCLOSEDPROFILEDEF(.AREA.,$,#2279);
#2281=IFCDIRECTION((0.,0.,1.));
#2282=IFCCARTESIANPOINT((0.,0.,0.));
#2283=IFCAXIS2PLACEMENT3D(#2282,$,$);
#2284=IFCEXTRUDEDAREASOLID(#2280,#2283,#2281,2.1000000000000001);
#2285=IFCSHAPEREPRESENTATION(#11,'Body','SweptSolid',(#2284));
#2286=IFCPRODUCTDEFINITIONSHAPE($,$,(#2285));
#2287=IFCPRODUCTDEFINITIONSHAPE($,$,(#2286));
#2288=IFCWALL('3oAB4fD4b7Hwzn3o2$4FBj',$,'Room-2-1-1-3-N-post',$,$,#2912,#2304,$,$);
#2294=IFCCARTESIANPOINTLIST2D(((0.,0.),(0.,0.12),(1.0999999999999996,0.12),(1.0999999999999996,0.),(0.,0.)));
#2295=IFCINDEXEDPOLYCURVE(#2294,$,.F.);
#2296=IFCDIRECTION((0.,0.,1.));
#2297=IFCARBITRARYCLOSEDPROFILEDEF(.AREA.,$,#2295);
#2298=IFCCARTESIANPOINT((0.,0.,0.));
#2299=IFCDIRECTION((0.,0.,1.));
#2300=IFCDIRECTION((1.,0.,0.));
#2301=IFCAXIS2PLACEMENT3D(#2298,#2299,#2300);
#2302=IFCEXTRUDEDAREASOLID(#2297,#2301,#2296,3.);
#2303=IFCSHAPEREPRESENTATION(#11,'Body','SweptSolid',(#2302));
#2304=IFCPRODUCTDEFINITIONSHAPE($,$,(#2303));
#2305=IFCWALL('0eo1uAzAT8GA_VVMLTRA8s',$,'Room-2-1-1-3-W-post',$,$,#2977,#2321,$,$);
#2311=IFCCARTESIANPOINTLIST2D(((0.,0.),(0.,0.12),(3.5,0.12),(3.5,0.),(0.,0.)));
#2312=IFCINDEXEDPOLYCURVE(#2311,$,.F.);
#2313=IFCDIRECTION((0.,0.,1.));
#2314=IFCARBITRARYCLOSEDPROFILEDEF(.AREA.,$,#2312);
#2315=IFCCARTESIANPOINT((0.,0.,0.));
#2316=IFCDIRECTION((0.,0.,1.));
#2317=IFCDIRECTION((1.,0.,0.));
#2318=IFCAXIS2PLACEMENT3D(#2315,#2316,#2317);
#2319=IFCEXTRUDEDAREASOLID(#2314,#2318,#2313,3.);
#2320=IFCSHAPEREPRESENTATION(#11,'Body','SweptSolid',(#2319));
#2321=IFCPRODUCTDEFINITIONSHAPE($,$,(#2320));
#2322=IFCWALL('1U9rvXMuf6fgpXlBO16Vp1',$,'Room-2-1-1-4-S-post',$,$,#2757,#2338,$,$);
#2328=IFCCARTESIANPOINTLIST2D(((0.,0.),(0.,0.12),(2.,0.12),(2.,0.),(0.,0.)));
#2329=IFCINDEXEDPOLYCURVE(#2328,$,.F.);
#2330=IFCDIRECTION((0.,0.,1.));
#2331=IFCARBITRARYCLOSEDPROFILEDEF(.AREA.,$,#2329);
#2332=IFCCARTESIANPOINT((0.,0.,0.));
#2333=IFCDIRECTION((0.,0.,1.));
#2334=IFCDIRECTION((1.,0.,0.));
#2335=IFCAXIS2PLACEMENT3D(#2332,#2333,#2334);
#2336=IFCEXTRUDEDAREASOLID(#2331,#2335,#2330,3.);
#2337=IFCSHAPEREPRESENTATION(#11,'Body','SweptSolid',(#2336));
#2338=IFCPRODUCTDEFINITIONSHAPE($,$,(#2337));
#2339=IFCWALL('1my$Ztl0zEzPsUsN7U3y6v',$,'Room-2-1-1-4-E-post',$,$,#2847,#2355,$,$);
#2345=IFCCARTESIANPOINTLIST2D(((0.,0.),(0.,0.12),(2.6000000000000001,0.12),(2.6000000000000001,0.),(0.,0.)));
#2346=IFCINDEXEDPOLYCURVE(#2345,$,.F.);
#2347=IFCDIRECTION((0.,0.,1.));
#2348=IFCARBITRARYCLOSEDPROFILEDEF(.AREA.,$,#2346);
#2349=IFCCARTESIANPOINT((0.,0.,0.));
#2350=IFCDIRECTION((0.,0.,1.));
#2351=IFCDIRECTION((1.,0.,0.));
#2352=IFCAXIS2PLACEMENT3D(#2349,#2350,#2351);
#2353=IFCEXTRUDEDAREASOLID(#2348,#2352,#2347,3.);
#2354=IFCSHAPEREPRESENTATION(#11,'Body','SweptSolid',(#2353));
#2355=IFCPRODUCTDEFINITIONSHAPE($,$,(#2354));
#2356=IFCWALL('3XzqkxXvPFf9n1o7mFZnDD',$,'Room-2-1-1-4-N-pre0',$,$,#2932,#2372,$,$);
#2362=IFCCARTESIANPOINTLIST2D(((0.,0.),(0.,0.12),(0.5,0.12),(0.5,0.),(0.,0.)));
#2363=IFCINDEXEDPOLYCURVE(#2362,$,.F.);
#2364=IFCDIRECTION((0.,0.,1.));
#2365=IFCARBITRARYCLOSEDPROFILEDEF(.AREA.,$,#2363);
#2366=IFCCARTESIANPOINT((0.,0.,0.));
#2367=IFCDIRECTION((0.,0.,1.));
#2368=IFCDIRECTION((1.,0.,0.));
#2369=IFCAXIS2PLACEMENT3D(#2366,#2367,#2368);
#2370=IFCEXTRUDEDAREASOLID(#2365,#2369,#2364,3.);
#2371=IFCSHAPEREPRESENTATION(#11,'Body','SweptSolid',(#2370));
#2372=IFCPRODUCTDEFINITIONSHAPE($,$,(#2371));
#2373=IFCWALL('2gCIleAy984QQYJfug$Ej9',$,'Room-2-1-1-4-N-lin0',$,$,#2982,#2389,$,$);
#2379=IFCCARTESIANPOINTLIST2D(((0.,0.),(0.,0.12),(0.70000000000000018,0.12),(0.70000000000000018,0.),(0.,0.)));
#2380=IFCINDEXEDPOLYCURVE(#2379,$,.F.);
#2381=IFCDIRECTION((0.,0.,1.));
#2382=IFCARBITRARYCLOSEDPROFILEDEF(.AREA.,$,#2380);
#2383=IFCCARTESIANPOINT((0.,0.,0.));
#2384=IFCDIRECTION((0.,0.,1.));
#2385=IFCDIRECTION((1.,0.,0.));
#2386=IFCAXIS2PLACEMENT3D(#2383,#2384,#2385);
#2387=IFCEXTRUDEDAREASOLID(#2382,#2386,#2381,0.89999999999999991);
#2388=IFCSHAPEREPRESENTATION(#11,'Body','SweptSolid',(#2387));
#2389=IFCPRODUCTDEFINITIONSHAPE($,$,(#2388));
#2390=IFCDOOR('2pumGRsrbADgaPVwahvMc9',$,'Room-2-1-1-4-N-door',$,$,#2762,#2408,$,$,$,$,$,$);
#2396=IFCCARTESIANPOINT((0.,0.039999999999999994));
#2397=IFCCARTESIANPOINT((0.69999999999999996,0.039999999999999994));
#2398=IFCCARTESIANPOINT((0.69999999999999996,0.079999999999999988));
#2399=IFCCARTESIANPOINT((0.,0.079999999999999988));
#2400=IFCPOLYLINE((#2396,#2397,#2398,#2399,#2396));
#2401=IFCARBITRARYCLOSEDPROFILEDEF(.AREA.,$,#2400);
#2402=IFCDIRECTION((0.,0.,1.));
#2403=IFCCARTESIANPOINT((0.,0.,0.));
#2404=IFCAXIS2PLACEMENT3D(#2403,$,$);
#2405=IFCEXTRUDEDAREASOLID(#2401,#2404,#2402,2.1000000000000001);
#2406=IFCSHAPEREPRESENTATION(#11,'Body','SweptSolid',(#2405));
#2407=IFCPRODUCTDEFINITIONSHAPE($,$,(#2406));
#2408=IFCPRODUCTDEFINITIONSHAPE($,$,(#2407));
#2409=IFCWALL('0_kzqeLhL4nA6rjG0QTvuu',$,'Room-2-1-1-4-N-post',$,$,#2897,#2425,$,$);
#2415=IFCCARTESIANPOINTLIST2D(((0.,0.),(0.,0.12),(0.79999999999999982,0.12),(0.79999999999999982,0.),(0.,0.)));
#2416=IFCINDEXEDPOLYCURVE(#2415,$,.F.);
#2417=IFCDIRECTION((0.,0.,1.));
#2418=IFCARBITRARYCLOSEDPROFILEDEF(.AREA.,$,#2416);
#2419=IFCCARTESIANPOINT((0.,0.,0.));
#2420=IFCDIRECTION((0.,0.,1.));
#2421=IFCDIRECTION((1.,0.,0.));
#2422=IFCAXIS2PLACEMENT3D(#2419,#2420,#2421);
#2423=IFCEXTRUDEDAREASOLID(#2418,#2422,#2417,3.);
#2424=IFCSHAPEREPRESENTATION(#11,'Body','SweptSolid',(#2423));
#2425=IFCPRODUCTDEFINITIONSHAPE($,$,(#2424));
#2426=IFCWALL('1_F_HTwAT3Huc4$SJ7KxCJ',$,'Room-2-1-1-4-W-post',$,$,#2957,#2442,$,$);
#2432=IFCCARTESIANPOINTLIST2D(((0.,0.),(0.,0.12),(2.6000000000000001,0.12),(2.6000000000000001,0.),(0.,0.)));
#2433=IFCINDEXEDPOLYCURVE(#2432,$,.F.);
#2434=IFCDIRECTION((0.,0.,1.));
#2435=IFCARBITRARYCLOSEDPROFILEDEF(.AREA.,$,#2433);
#2436=IFCCARTESIANPOINT((0.,0.,0.));
#2437=IFCDIRECTION((0.,0.,1.));
#2438=IFCDIRECTION((1.,0.,0.));
#2439=IFCAXIS2PLACEMENT3D(#2436,#2437,#2438);
#2440=IFCEXTRUDEDAREASOLID(#2435,#2439,#2434,3.);
#2441=IFCSHAPEREPRESENTATION(#11,'Body','SweptSolid',(#2440));
#2442=IFCPRODUCTDEFINITIONSHAPE($,$,(#2441));
#2443=IFCWALL('173GFH91P5ReegU7MAwiKH',$,'Room-2-1-2-1-S-post',$,$,#2742,#2459,$,$);
#2449=IFCCARTESIANPOINTLIST2D(((0.,0.),(0.,0.12),(5.0000000000000018,0.12),(5.0000000000000018,0.),(0.,0.)));
#2450=IFCINDEXEDPOLYCURVE(#2449,$,.F.);
#2451=IFCDIRECTION((0.,0.,1.));
#2452=IFCARBITRARYCLOSEDPROFILEDEF(.AREA.,$,#2450);
#2453=IFCCARTESIANPOINT((0.,0.,0.));
#2454=IFCDIRECTION((0.,0.,1.));
#2455=IFCDIRECTION((1.,0.,0.));
#2456=IFCAXIS2PLACEMENT3D(#2453,#2454,#2455);
#2457=IFCEXTRUDEDAREASOLID(#2452,#2456,#2451,3.);
#2458=IFCSHAPEREPRESENTATION(#11,'Body','SweptSolid',(#2457));
#2459=IFCPRODUCTDEFINITIONSHAPE($,$,(#2458));
#2460=IFCWALL('2hm8$X5db8veaVjyt5vF3N',$,'Room-2-1-2-1-E-post',$,$,#2877,#2476,$,$);
#2466=IFCCARTESIANPOINTLIST2D(((0.,0.),(0.,0.12),(5.5999999999999996,0.12),(5.5999999999999996,0.),(0.,0.)));
#2467=IFCINDEXEDPOLYCURVE(#2466,$,.F.);
#2468=IFCDIRECTION((0.,0.,1.));
#2469=IFCARBITRARYCLOSEDPROFILEDEF(.AREA.,$,#2467);
#2470=IFCCARTESIANPOINT((0.,0.,0.));
#2471=IFCDIRECTION((0.,0.,1.));
#2472=IFCDIRECTION((1.,0.,0.));
#2473=IFCAXIS2PLACEMENT3D(#2470,#2471,#2472);
#2474=IFCEXTRUDEDAREASOLID(#2469,#2473,#2468,3.);
#2475=IFCSHAPEREPRESENTATION(#11,'Body','SweptSolid',(#2474));
#2476=IFCPRODUCTDEFINITIONSHAPE($,$,(#2475));
#2477=IFCWALL('27ROTcze9AHAA0UwJUAIQf',$,'Room-2-1-2-1-N-pre0',$,$,#2937,#2493,$,$);
#2483=IFCCARTESIANPOINTLIST2D(((0.,0.),(0.,0.12),(1.,0.12),(1.,0.),(0.,0.)));
#2484=IFCINDEXEDPOLYCURVE(#2483,$,.F.);
#2485=IFCDIRECTION((0.,0.,1.));
#2486=IFCARBITRARYCLOSEDPROFILEDEF(.AREA.,$,#2484);
#2487=IFCCARTESIANPOINT((0.,0.,0.));
#2488=IFCDIRECTION((0.,0.,1.));
#2489=IFCDIRECTION((1.,0.,0.));
#2490=IFCAXIS2PLACEMENT3D(#2487,#2488,#2489);
#2491=IFCEXTRUDEDAREASOLID(#2486,#2490,#2485,3.);
#2492=IFCSHAPEREPRESENTATION(#11,'Body','SweptSolid',(#2491));
#2493=IFCPRODUCTDEFINITIONSHAPE($,$,(#2492));
#2494=IFCWALL('0_g9OJgPr2A887HqwzQTCm',$,'Room-2-1-2-1-N-sill0',$,$,#3002,#2510,$,$);
#2500=IFCCARTESIANPOINTLIST2D(((0.,0.),(0.,0.12),(1.8000000000000007,0.12),(1.8000000000000007,0.),(0.,0.)));
#2501=IFCINDEXEDPOLYCURVE(#2500,$,.F.);
#2502=IFCDIRECTION((0.,0.,1.));
#2503=IFCARBITRARYCLOSEDPROFILEDEF(.AREA.,$,#2501);
#2504=IFCCARTESIANPOINT((0.,0.,0.));
#2505=IFCDIRECTION((0.,0.,1.));
#2506=IFCDIRECTION((1.,0.,0.));
#2507=IFCAXIS2PLACEMENT3D(#2504,#2505,#2506);
#2508=IFCEXTRUDEDAREASOLID(#2503,#2507,#2502,0.90000000000000002);
#2509=IFCSHAPEREPRESENTATION(#11,'Body','SweptSolid',(#2508));
#2510=IFCPRODUCTDEFINITIONSHAPE($,$,(#2509));
#2511=IFCWALL('1FmdlDxNj0FxOm_CRgwgMq',$,'Room-2-1-2-1-N-lin0',$,$,#2772,#2527,$,$);
#2517=IFCCARTESIANPOINTLIST2D(((0.,0.),(0.,0.12),(1.8000000000000007,0.12),(1.8000000000000007,0.),(0.,0.)));
#2518=IFCINDEXEDPOLYCURVE(#2517,$,.F.);
#2519=IFCDIRECTION((0.,0.,1.));
#2520=IFCARBITRARYCLOSEDPROFILEDEF(.AREA.,$,#2518);
#2521=IFCCARTESIANPOINT((0.,0.,0.));
#2522=IFCDIRECTION((0.,0.,1.));
#2523=IFCDIRECTION((1.,0.,0.));
#2524=IFCAXIS2PLACEMENT3D(#2521,#2522,#2523);
#2525=IFCEXTRUDEDAREASOLID(#2520,#2524,#2519,0.60000000000000009);
#2526=IFCSHAPEREPRESENTATION(#11,'Body','SweptSolid',(#2525));
#2527=IFCPRODUCTDEFINITIONSHAPE($,$,(#2526));
#2528=IFCWINDOW('1loT54Qf9B2AUCSZOW7xYn',$,'Room-2-1-2-1-N-window',$,$,#2857,#2546,$,$,$,$,$,$);
#2534=IFCCARTESIANPOINT((0.,0.039999999999999994));
#2535=IFCCARTESIANPOINT((1.8,0.039999999999999994));
#2536=IFCCARTESIANPOINT((1.8,0.079999999999999988));
#2537=IFCCARTESIANPOINT((0.,0.079999999999999988));
#2538=IFCPOLYLINE((#2534,#2535,#2536,#2537,#2534));
#2539=IFCARBITRARYCLOSEDPROFILEDEF(.AREA.,$,#2538);
#2540=IFCDIRECTION((0.,0.,1.));
#2541=IFCCARTESIANPOINT((0.,0.,0.));
#2542=IFCAXIS2PLACEMENT3D(#2541,$,$);
#2543=IFCEXTRUDEDAREASOLID(#2539,#2542,#2540,1.5);
#2544=IFCSHAPEREPRESENTATION(#11,'Body','SweptSolid',(#2543));
#2545=IFCPRODUCTDEFINITIONSHAPE($,$,(#2544));
#2546=IFCPRODUCTDEFINITIONSHAPE($,$,(#2545));
#2547=IFCWALL('2MtxTMq0bDBPy4FX2opIrw',$,'Room-2-1-2-1-N-post',$,$,#3017,#2563,$,$);
#2553=IFCCARTESIANPOINTLIST2D(((0.,0.),(0.,0.12),(2.2000000000000011,0.12),(2.2000000000000011,0.),(0.,0.)));
#2554=IFCINDEXEDPOLYCURVE(#2553,$,.F.);
#2555=IFCDIRECTION((0.,0.,1.));
#2556=IFCARBITRARYCLOSEDPROFILEDEF(.AREA.,$,#2554);
#2557=IFCCARTESIANPOINT((0.,0.,0.));
#2558=IFCDIRECTION((0.,0.,1.));
#2559=IFCDIRECTION((1.,0.,0.));
#2560=IFCAXIS2PLACEMENT3D(#2557,#2558,#2559);
#2561=IFCEXTRUDEDAREASOLID(#2556,#2560,#2555,3.);
#2562=IFCSHAPEREPRESENTATION(#11,'Body','SweptSolid',(#2561));
#2563=IFCPRODUCTDEFINITIONSHAPE($,$,(#2562));
#2564=IFCWALL('0zUA3I5CX6T9zZfVfsk7C0',$,'Room-2-1-2-1-W-post',$,$,#2777,#2580,$,$);
#2570=IFCCARTESIANPOINTLIST2D(((0.,0.),(0.,0.12),(5.5999999999999996,0.12),(5.5999999999999996,0.),(0.,0.)));
#2571=IFCINDEXEDPOLYCURVE(#2570,$,.F.);
#2572=IFCDIRECTION((0.,0.,1.));
#2573=IFCARBITRARYCLOSEDPROFILEDEF(.AREA.,$,#2571);
#2574=IFCCARTESIANPOINT((0.,0.,0.));
#2575=IFCDIRECTION((0.,0.,1.));
#2576=IFCDIRECTION((1.,0.,0.));
#2577=IFCAXIS2PLACEMENT3D(#2574,#2575,#2576);
#2578=IFCEXTRUDEDAREASOLID(#2573,#2577,#2572,3.);
#2579=IFCSHAPEREPRESENTATION(#11,'Body','SweptSolid',(#2578));
#2580=IFCPRODUCTDEFINITIONSHAPE($,$,(#2579));
#2581=IFCWALL('2M2iE2EzHEPRn$wEyoUaGZ',$,'Room-2-1-2-2-S-post',$,$,#2882,#2597,$,$);
#2587=IFCCARTESIANPOINTLIST2D(((0.,0.),(0.,0.12),(3.,0.12),(3.,0.),(0.,0.)));
#2588=IFCINDEXEDPOLYCURVE(#2587,$,.F.);
#2589=IFCDIRECTION((0.,0.,1.));
#2590=IFCARBITRARYCLOSEDPROFILEDEF(.AREA.,$,#2588);
#2591=IFCCARTESIANPOINT((0.,0.,0.));
#2592=IFCDIRECTION((0.,0.,1.));
#2593=IFCDIRECTION((1.,0.,0.));
#2594=IFCAXIS2PLACEMENT3D(#2591,#2592,#2593);
#2595=IFCEXTRUDEDAREASOLID(#2590,#2594,#2589,3.);
#2596=IFCSHAPEREPRESENTATION(#11,'Body','SweptSolid',(#2595));
#2597=IFCPRODUCTDEFINITIONSHAPE($,$,(#2596));
#2598=IFCWALL('0TDhEbfvLDlOu3JAucxRRi',$,'Room-2-1-2-2-E-post',$,$,#2942,#2614,$,$);
#2604=IFCCARTESIANPOINTLIST2D(((0.,0.),(0.,0.12),(3.,0.12),(3.,0.),(0.,0.)));
#2605=IFCINDEXEDPOLYCURVE(#2604,$,.F.);
#2606=IFCDIRECTION((0.,0.,1.));
#2607=IFCARBITRARYCLOSEDPROFILEDEF(.AREA.,$,#2605);
#2608=IFCCARTESIANPOINT((0.,0.,0.));
#2609=IFCDIRECTION((0.,0.,1.));
#2610=IFCDIRECTION((1.,0.,0.));
#2611=IFCAXIS2PLACEMENT3D(#2608,#2609,#2610);
#2612=IFCEXTRUDEDAREASOLID(#2607,#2611,#2606,3.);
#2613=IFCSHAPEREPRESENTATION(#11,'Body','SweptSolid',(#2612));
#2614=IFCPRODUCTDEFINITIONSHAPE($,$,(#2613));
#2615=IFCWALL('1UllAAb5HB1RhdwIFchOUf',$,'Room-2-1-2-2-N-post',$,$,#3022,#2631,$,$);
#2621=IFCCARTESIANPOINTLIST2D(((0.,0.),(0.,0.12),(3.,0.12),(3.,0.),(0.,0.)));
#2622=IFCINDEXEDPOLYCURVE(#2621,$,.F.);
#2623=IFCDIRECTION((0.,0.,1.));
#2624=IFCARBITRARYCLOSEDPROFILEDEF(.AREA.,$,#2622);
#2625=IFCCARTESIANPOINT((0.,0.,0.));
#2626=IFCDIRECTION((0.,0.,1.));
#2627=IFCDIRECTION((1.,0.,0.));
#2628=IFCAXIS2PLACEMENT3D(#2625,#2626,#2627);
#2629=IFCEXTRUDEDAREASOLID(#2624,#2628,#2623,3.);
#2630=IFCSHAPEREPRESENTATION(#11,'Body','SweptSolid',(#2629));
#2631=IFCPRODUCTDEFINITIONSHAPE($,$,(#2630));
#2632=IFCWALL('3bmdk4pmX72x9A$0cBYGGf',$,'Room-2-1-2-2-W-post',$,$,#2782,#2648,$,$);
#2638=IFCCARTESIANPOINTLIST2D(((0.,0.),(0.,0.12),(3.,0.12),(3.,0.),(0.,0.)));
#2639=IFCINDEXEDPOLYCURVE(#2638,$,.F.);
#2640=IFCDIRECTION((0.,0.,1.));
#2641=IFCARBITRARYCLOSEDPROFILEDEF(.AREA.,$,#2639);
#2642=IFCCARTESIANPOINT((0.,0.,0.));
#2643=IFCDIRECTION((0.,0.,1.));
#2644=IFCDIRECTION((1.,0.,0.));
#2645=IFCAXIS2PLACEMENT3D(#2642,#2643,#2644);
#2646=IFCEXTRUDEDAREASOLID(#2641,#2645,#2640,3.);
#2647=IFCSHAPEREPRESENTATION(#11,'Body','SweptSolid',(#2646));
#2648=IFCPRODUCTDEFINITIONSHAPE($,$,(#2647));
#2649=IFCWALL('12micXbuL7vAuJbFTQ5gKA',$,'Room-2-1-2-3-S-post',$,$,#2852,#2665,$,$);
#2655=IFCCARTESIANPOINTLIST2D(((0.,0.),(0.,0.12),(2.,0.12),(2.,0.),(0.,0.)));
#2656=IFCINDEXEDPOLYCURVE(#2655,$,.F.);
#2657=IFCDIRECTION((0.,0.,1.));
#2658=IFCARBITRARYCLOSEDPROFILEDEF(.AREA.,$,#2656);
#2659=IFCCARTESIANPOINT((0.,0.,0.));
#2660=IFCDIRECTION((0.,0.,1.));
#2661=IFCDIRECTION((1.,0.,0.));
#2662=IFCAXIS2PLACEMENT3D(#2659,#2660,#2661);
#2663=IFCEXTRUDEDAREASOLID(#2658,#2662,#2657,3.);
#2664=IFCSHAPEREPRESENTATION(#11,'Body','SweptSolid',(#2663));
#2665=IFCPRODUCTDEFINITIONSHAPE($,$,(#2664));
#2666=IFCWALL('3Uijl3o_95mgZFLNI_OOF0',$,'Room-2-1-2-3-E-post',$,$,#2802,#2682,$,$);
#2672=IFCCARTESIANPOINTLIST2D(((0.,0.),(0.,0.12),(2.5999999999999996,0.12),(2.5999999999999996,0.),(0.,0.)));
#2673=IFCINDEXEDPOLYCURVE(#2672,$,.F.);
#2674=IFCDIRECTION((0.,0.,1.));
#2675=IFCARBITRARYCLOSEDPROFILEDEF(.AREA.,$,#2673);
#2676=IFCCARTESIANPOINT((0.,0.,0.));
#2677=IFCDIRECTION((0.,0.,1.));
#2678=IFCDIRECTION((1.,0.,0.));
#2679=IFCAXIS2PLACEMENT3D(#2676,#2677,#2678);
#2680=IFCEXTRUDEDAREASOLID(#2675,#2679,#2674,3.);
#2681=IFCSHAPEREPRESENTATION(#11,'Body','SweptSolid',(#2680));
#2682=IFCPRODUCTDEFINITIONSHAPE($,$,(#2681));
#2683=IFCWALL('30k2PQDYz6d9iQ_bWNqGCg',$,'Room-2-1-2-3-N-post',$,$,#2727,#2699,$,$);
#2689=IFCCARTESIANPOINTLIST2D(((0.,0.),(0.,0.12),(2.,0.12),(2.,0.),(0.,0.)));
#2690=IFCINDEXEDPOLYCURVE(#2689,$,.F.);
#2691=IFCDIRECTION((0.,0.,1.));
#2692=IFCARBITRARYCLOSEDPROFILEDEF(.AREA.,$,#2690);
#2693=IFCCARTESIANPOINT((0.,0.,0.));
#2694=IFCDIRECTION((0.,0.,1.));
#2695=IFCDIRECTION((1.,0.,0.));
#2696=IFCAXIS2PLACEMENT3D(#2693,#2694,#2695);
#2697=IFCEXTRUDEDAREASOLID(#2692,#2696,#2691,3.);
#2698=IFCSHAPEREPRESENTATION(#11,'Body','SweptSolid',(#2697));
#2699=IFCPRODUCTDEFINITIONSHAPE($,$,(#2698));
#2700=IFCWALL('376BCYtpHEkww5e$EBM14s',$,'Room-2-1-2-3-W-post',$,$,#2827,#2716,$,$);
#2706=IFCCARTESIANPOINTLIST2D(((0.,0.),(0.,0.12),(2.5999999999999996,0.12),(2.5999999999999996,0.),(0.,0.)));
#2707=IFCINDEXEDPOLYCURVE(#2706,$,.F.);
#2708=IFCDIRECTION((0.,0.,1.));
#2709=IFCARBITRARYCLOSEDPROFILEDEF(.AREA.,$,#2707);
#2710=IFCCARTESIANPOINT((0.,0.,0.));
#2711=IFCDIRECTION((0.,0.,1.));
#2712=IFCDIRECTION((1.,0.,0.));
#2713=IFCAXIS2PLACEMENT3D(#2710,#2711,#2712);
#2714=IFCEXTRUDEDAREASOLID(#2709,#2713,#2708,3.);
#2715=IFCSHAPEREPRESENTATION(#11,'Body','SweptSolid',(#2714));
#2716=IFCPRODUCTDEFINITIONSHAPE($,$,(#2715));
#2717=IFCRELCONTAINEDINSPATIALSTRUCTURE('1ULfX$Q79AEApEW7dAdn9q',$,$,$,(#1838,#2683,#1959,#2201,#2443,#1719,#2080,#2322,#2390,#2269,#2511,#2564,#2632,#1787,#1668,#1855,#2666,#1976,#1908,#2150,#2029,#2700,#2218,#1736,#2097,#2339,#2649,#2528,#1872,#1685,#2114,#2460,#2581,#1925,#2167,#2409,#1804,#2046,#2288,#2235,#1753,#1995,#2356,#2477,#2598,#1942,#2184,#2426,#1821,#1702,#2063,#2305,#2373,#1649,#1891,#2252,#2494,#1770,#2012,#2547,#2615,#2133),#1643);
#2718=IFCCARTESIANPOINT((15.1,10.,0.));
#2719=IFCDIRECTION((0.,0.,1.));
#2720=IFCDIRECTION((-1.,1.2246467991473532E-16,0.));
#2721=IFCAXIS2PLACEMENT3D(#2718,#2719,#2720);
#2722=IFCLOCALPLACEMENT(#1648,#2721);
#2723=IFCCARTESIANPOINT((20.600000000000001,13.6,0.));
#2724=IFCDIRECTION((0.,0.,1.));
#2725=IFCDIRECTION((-1.,1.2246467991473532E-16,0.));
#2726=IFCAXIS2PLACEMENT3D(#2723,#2724,#2725);
#2727=IFCLOCALPLACEMENT(#1648,#2726);
#2728=IFCCARTESIANPOINT((1.3999999999999999,0.40000000000000002,2.4000000000000004));
#2729=IFCDIRECTION((0.,0.,1.));
#2730=IFCDIRECTION((1.,0.,0.));
#2731=IFCAXIS2PLACEMENT3D(#2728,#2729,#2730);
#2732=IFCLOCALPLACEMENT(#1648,#2731);
#2733=IFCCARTESIANPOINT((7.9000000000000004,0.40000000000000002,0.));
#2734=IFCDIRECTION((0.,0.,1.));
#2735=IFCDIRECTION((1.,0.,0.));
#2736=IFCAXIS2PLACEMENT3D(#2733,#2734,#2735);
#2737=IFCLOCALPLACEMENT(#1648,#2736);
#2738=IFCCARTESIANPOINT((13.6,8.,0.));
#2739=IFCDIRECTION((0.,0.,1.));
#2740=IFCDIRECTION((1.,0.,0.));
#2741=IFCAXIS2PLACEMENT3D(#2738,#2739,#2740);
#2742=IFCLOCALPLACEMENT(#1648,#2741);
#2743=IFCCARTESIANPOINT((0.,14.,0.));
#2744=IFCDIRECTION((0.,0.,1.));
#2745=IFCDIRECTION((6.123233995736766E-17,-1.,0.));
#2746=IFCAXIS2PLACEMENT3D(#2743,#2744,#2745);
#2747=IFCLOCALPLACEMENT(#1648,#2746);
#2748=IFCCARTESIANPOINT((5.5,0.40000000000000002,0.));
#2749=IFCDIRECTION((0.,0.,1.));
#2750=IFCDIRECTION((1.,0.,0.));
#2751=IFCAXIS2PLACEMENT3D(#2748,#2749,#2750);
#2752=IFCLOCALPLACEMENT(#1648,#2751);
#2753=IFCCARTESIANPOINT((4.9000000000000004,3.3999999999999999,0.));
#2754=IFCDIRECTION((0.,0.,1.));
#2755=IFCDIRECTION((1.,0.,0.));
#2756=IFCAXIS2PLACEMENT3D(#2753,#2754,#2755);
#2757=IFCLOCALPLACEMENT(#1648,#2756);
#2758=IFCCARTESIANPOINT((6.4000000000000004,6.,0.));
#2759=IFCDIRECTION((0.,0.,1.));
#2760=IFCDIRECTION((-1.,1.2246467991473532E-16,0.));
#2761=IFCAXIS2PLACEMENT3D(#2758,#2759,#2760);
#2762=IFCLOCALPLACEMENT(#1648,#2761);
#2763=IFCCARTESIANPOINT((9.9000000000000004,3.8999999999999999,0.));
#2764=IFCDIRECTION((0.,0.,1.));
#2765=IFCDIRECTION((-1.,1.2246467991473532E-16,0.));
#2766=IFCAXIS2PLACEMENT3D(#2763,#2764,#2765);
#2767=IFCLOCALPLACEMENT(#1648,#2766);
#2768=IFCCARTESIANPOINT((17.600000000000001,13.6,2.4000000000000004));
#2769=IFCDIRECTION((0.,0.,1.));
#2770=IFCDIRECTION((-1.,1.2246467991473532E-16,0.));
#2771=IFCAXIS2PLACEMENT3D(#2768,#2769,#2770);
#2772=IFCLOCALPLACEMENT(#1648,#2771);
#2773=IFCCARTESIANPOINT((13.6,13.6,0.));
#2774=IFCDIRECTION((0.,0.,1.));
#2775=IFCDIRECTION((6.123233995736766E-17,-1.,0.));
#2776=IFCAXIS2PLACEMENT3D(#2773,#2774,#2775);
#2777=IFCLOCALPLACEMENT(#1648,#2776);
#2778=IFCCARTESIANPOINT((18.600000000000001,11.,0.));
#2779=IFCDIRECTION((0.,0.,1.));
#2780=IFCDIRECTION((6.123233995736766E-17,-1.,0.));
#2781=IFCAXIS2PLACEMENT3D(#2778,#2779,#2780);
#2782=IFCLOCALPLACEMENT(#1648,#2781);
#2783=IFCCARTESIANPOINT((11.,8.,0.));
#2784=IFCDIRECTION((0.,0.,1.));
#2785=IFCDIRECTION((6.123233995736766E-17,-1.,0.));
#2786=IFCAXIS2PLACEMENT3D(#2783,#2784,#2785);
#2787=IFCLOCALPLACEMENT(#1648,#2786);
#2788=IFCCARTESIANPOINT((0.,0.,0.));
#2789=IFCDIRECTION((0.,0.,1.));
#2790=IFCDIRECTION((1.,0.,0.));
#2791=IFCAXIS2PLACEMENT3D(#2788,#2789,#2790);
#2792=IFCLOCALPLACEMENT(#1648,#2791);
#2793=IFCCARTESIANPOINT((13.,10.,0.));
#2794=IFCDIRECTION((0.,0.,1.));
#2795=IFCDIRECTION((6.123233995736766E-17,-1.,0.));
#2796=IFCAXIS2PLACEMENT3D(#2793,#2794,#2795);
#2797=IFCLOCALPLACEMENT(#1648,#2796);
#2798=IFCCARTESIANPOINT((20.600000000000001,11.,0.));
#2799=IFCDIRECTION((0.,0.,1.));
#2800=IFCDIRECTION((6.123233995736766E-17,1.,0.));
#2801=IFCAXIS2PLACEMENT3D(#2798,#2799,#2800);
#2802=IFCLOCALPLACEMENT(#1648,#2801);
#2803=IFCCARTESIANPOINT((1.3999999999999999,0.40000000000000002,0.89999999999999991));
#2804=IFCDIRECTION((0.,0.,1.));
#2805=IFCDIRECTION((1.,0.,0.));
#2806=IFCAXIS2PLACEMENT3D(#2803,#2804,#2805);
#2807=IFCLOCALPLACEMENT(#1648,#2806);
#2808=IFCCARTESIANPOINT((0.,7.5999999999999996,0.));
#2809=IFCDIRECTION((0.,0.,1.));
#2810=IFCDIRECTION((1.,0.,0.));
#2811=IFCAXIS2PLACEMENT3D(#2808,#2809,#2810);
#2812=IFCLOCALPLACEMENT(#1648,#2811);
#2813=IFCCARTESIANPOINT((7.9000000000000004,0.40000000000000002,0.));
#2814=IFCDIRECTION((0.,0.,1.));
#2815=IFCDIRECTION((6.123233995736766E-17,1.,0.));
#2816=IFCAXIS2PLACEMENT3D(#2813,#2814,#2815);
#2817=IFCLOCALPLACEMENT(#1648,#2816);
#2818=IFCCARTESIANPOINT((4.9000000000000004,6.,0.));
#2819=IFCDIRECTION((0.,0.,1.));
#2820=IFCDIRECTION((-1.,1.2246467991473532E-16,0.));
#2821=IFCAXIS2PLACEMENT3D(#2818,#2819,#2820);
#2822=IFCLOCALPLACEMENT(#1648,#2821);
#2823=IFCCARTESIANPOINT((18.600000000000001,13.6,0.));
#2824=IFCDIRECTION((0.,0.,1.));
#2825=IFCDIRECTION((6.123233995736766E-17,-1.,0.));
#2826=IFCAXIS2PLACEMENT3D(#2823,#2824,#2825);
#2827=IFCLOCALPLACEMENT(#1648,#2826);
#2828=IFCCARTESIANPOINT((10.4,0.40000000000000002,0.));
#2829=IFCDIRECTION((0.,0.,1.));
#2830=IFCDIRECTION((6.123233995736766E-17,1.,0.));
#2831=IFCAXIS2PLACEMENT3D(#2828,#2829,#2830);
#2832=IFCLOCALPLACEMENT(#1648,#2831);
#2833=IFCCARTESIANPOINT((11.,6.5,0.));
#2834=IFCDIRECTION((0.,0.,1.));
#2835=IFCDIRECTION((1.,0.,0.));
#2836=IFCAXIS2PLACEMENT3D(#2833,#2834,#2835);
#2837=IFCLOCALPLACEMENT(#1648,#2836);
#2838=IFCCARTESIANPOINT((5.5,0.40000000000000002,2.4000000000000004));
#2839=IFCDIRECTION((0.,0.,1.));
#2840=IFCDIRECTION((1.,0.,0.));
#2841=IFCAXIS2PLACEMENT3D(#2838,#2839,#2840);
#2842=IFCLOCALPLACEMENT(#1648,#2841);
#2843=IFCCARTESIANPOINT((6.9000000000000004,3.3999999999999999,0.));
#2844=IFCDIRECTION((0.,0.,1.));
#2845=IFCDIRECTION((6.123233995736766E-17,1.,0.));
#2846=IFCAXIS2PLACEMENT3D(#2843,#2844,#2845);
#2847=IFCLOCALPLACEMENT(#1648,#2846);
#2848=IFCCARTESIANPOINT((18.600000000000001,11.,0.));
#2849=IFCDIRECTION((0.,0.,1.));
#2850=IFCDIRECTION((1.,0.,0.));
#2851=IFCAXIS2PLACEMENT3D(#2848,#2849,#2850);
#2852=IFCLOCALPLACEMENT(#1648,#2851);
#2853=IFCCARTESIANPOINT((17.600000000000001,13.6,0.89999999999999991));
#2854=IFCDIRECTION((0.,0.,1.));
#2855=IFCDIRECTION((-1.,1.2246467991473532E-16,0.));
#2856=IFCAXIS2PLACEMENT3D(#2853,#2854,#2855);
#2857=IFCLOCALPLACEMENT(#1648,#2856);
#2858=IFCCARTESIANPOINT((13.4,4.9000000000000004,0.));
#2859=IFCDIRECTION((0.,0.,1.));
#2860=IFCDIRECTION((1.,0.,0.));
#2861=IFCAXIS2PLACEMENT3D(#2858,#2859,#2860);
#2862=IFCLOCALPLACEMENT(#1648,#2861);
#2863=IFCCARTESIANPOINT((24.,0.,0.));
#2864=IFCDIRECTION((0.,0.,1.));
#2865=IFCDIRECTION((6.123233995736766E-17,1.,0.));
#2866=IFCAXIS2PLACEMENT3D(#2863,#2864,#2865);
#2867=IFCLOCALPLACEMENT(#1648,#2866);
#2868=IFCCARTESIANPOINT((5.5,0.40000000000000002,0.89999999999999991));
#2869=IFCDIRECTION((0.,0.,1.));
#2870=IFCDIRECTION((1.,0.,0.));
#2871=IFCAXIS2PLACEMENT3D(#2868,#2869,#2870);
#2872=IFCLOCALPLACEMENT(#1648,#2871);
#2873=IFCCARTESIANPOINT((18.600000000000001,8.,0.));
#2874=IFCDIRECTION((0.,0.,1.));
#2875=IFCDIRECTION((6.123233995736766E-17,1.,0.));
#2876=IFCAXIS2PLACEMENT3D(#2873,#2874,#2875);
#2877=IFCLOCALPLACEMENT(#1648,#2876);
#2878=IFCCARTESIANPOINT((18.600000000000001,8.,0.));
#2879=IFCDIRECTION((0.,0.,1.));
#2880=IFCDIRECTION((1.,0.,0.));
#2881=IFCAXIS2PLACEMENT3D(#2878,#2879,#2880);
#2882=IFCLOCALPLACEMENT(#1648,#2881);
#2883=IFCCARTESIANPOINT((0.40000000000000002,0.40000000000000002,0.));
#2884=IFCDIRECTION((0.,0.,1.));
#2885=IFCDIRECTION((1.,0.,0.));
#2886=IFCAXIS2PLACEMENT3D(#2883,#2884,#2885);
#2887=IFCLOCALPLACEMENT(#1648,#2886);
#2888=IFCCARTESIANPOINT((7.9000000000000004,3.3999999999999999,0.));
#2889=IFCDIRECTION((0.,0.,1.));
#2890=IFCDIRECTION((-1.,1.2246467991473532E-16,0.));
#2891=IFCAXIS2PLACEMENT3D(#2888,#2889,#2890);
#2892=IFCLOCALPLACEMENT(#1648,#2891);
#2893=IFCCARTESIANPOINT((5.7000000000000002,6.,0.));
#2894=IFCDIRECTION((0.,0.,1.));
#2895=IFCDIRECTION((-1.,1.2246467991473532E-16,0.));
#2896=IFCAXIS2PLACEMENT3D(#2893,#2894,#2895);
#2897=IFCLOCALPLACEMENT(#1648,#2896);
#2898=IFCCARTESIANPOINT((13.,4.5,0.));
#2899=IFCDIRECTION((0.,0.,1.));
#2900=IFCDIRECTION((1.,0.,0.));
#2901=IFCAXIS2PLACEMENT3D(#2898,#2899,#2900);
#2902=IFCLOCALPLACEMENT(#1648,#2901);
#2903=IFCCARTESIANPOINT((0.40000000000000002,6.,0.));
#2904=IFCDIRECTION((0.,0.,1.));
#2905=IFCDIRECTION((6.123233995736766E-17,-1.,0.));
#2906=IFCAXIS2PLACEMENT3D(#2903,#2904,#2905);
#2907=IFCLOCALPLACEMENT(#1648,#2906);
#2908=IFCCARTESIANPOINT((9.,3.8999999999999999,0.));
#2909=IFCDIRECTION((0.,0.,1.));
#2910=IFCDIRECTION((-1.,1.2246467991473532E-16,0.));
#2911=IFCAXIS2PLACEMENT3D(#2908,#2909,#2910);
#2912=IFCLOCALPLACEMENT(#1648,#2911);
#2913=IFCCARTESIANPOINT((10.4,3.8999999999999999,0.));
#2914=IFCDIRECTION((0.,0.,1.));
#2915=IFCDIRECTION((-1.,1.2246467991473532E-16,0.));
#2916=IFCAXIS2PLACEMENT3D(#2913,#2914,#2915);
#2917=IFCLOCALPLACEMENT(#1648,#2916);
#2918=IFCCARTESIANPOINT((12.5,6.5,0.));
#2919=IFCDIRECTION((0.,0.,1.));
#2920=IFCDIRECTION((6.123233995736766E-17,1.,0.));
#2921=IFCAXIS2PLACEMENT3D(#2918,#2919,#2920);
#2922=IFCLOCALPLACEMENT(#1648,#2921);
#2923=IFCCARTESIANPOINT((3.1999999999999997,0.40000000000000002,0.));
#2924=IFCDIRECTION((0.,0.,1.));
#2925=IFCDIRECTION((1.,0.,0.));
#2926=IFCAXIS2PLACEMENT3D(#2923,#2924,#2925);
#2927=IFCLOCALPLACEMENT(#1648,#2926);
#2928=IFCCARTESIANPOINT((6.9000000000000004,6.,0.));
#2929=IFCDIRECTION((0.,0.,1.));
#2930=IFCDIRECTION((-1.,1.2246467991473532E-16,0.));
#2931=IFCAXIS2PLACEMENT3D(#2928,#2929,#2930);
#2932=IFCLOCALPLACEMENT(#1648,#2931);
#2933=IFCCARTESIANPOINT((18.600000000000001,13.6,0.));
#2934=IFCDIRECTION((0.,0.,1.));
#2935=IFCDIRECTION((-1.,1.2246467991473532E-16,0.));
#2936=IFCAXIS2PLACEMENT3D(#2933,#2934,#2935);
#2937=IFCLOCALPLACEMENT(#1648,#2936);
#2938=IFCCARTESIANPOINT((21.600000000000001,8.,0.));
#2939=IFCDIRECTION((0.,0.,1.));
#2940=IFCDIRECTION((6.123233995736766E-17,1.,0.));
#2941=IFCAXIS2PLACEMENT3D(#2938,#2939,#2940);
#2942=IFCLOCALPLACEMENT(#1648,#2941);
#2943=IFCCARTESIANPOINT((1.3999999999999999,0.40000000000000002,0.));
#2944=IFCDIRECTION((0.,0.,1.));
#2945=IFCDIRECTION((1.,0.,0.));
#2946=IFCAXIS2PLACEMENT3D(#2943,#2944,#2945);
#2947=IFCLOCALPLACEMENT(#1648,#2946);
#2948=IFCCARTESIANPOINT((4.9000000000000004,3.3999999999999999,0.));
#2949=IFCDIRECTION((0.,0.,1.));
#2950=IFCDIRECTION((6.123233995736766E-17,-1.,0.));
#2951=IFCAXIS2PLACEMENT3D(#2948,#2949,#2950);
#2952=IFCLOCALPLACEMENT(#1648,#2951);
#2953=IFCCARTESIANPOINT((4.9000000000000004,6.,0.));
#2954=IFCDIRECTION((0.,0.,1.));
#2955=IFCDIRECTION((6.123233995736766E-17,-1.,0.));
#2956=IFCAXIS2PLACEMENT3D(#2953,#2954,#2955);
#2957=IFCLOCALPLACEMENT(#1648,#2956);
#2958=IFCCARTESIANPOINT((15.1,4.5,0.));
#2959=IFCDIRECTION((0.,0.,1.));
#2960=IFCDIRECTION((6.123233995736766E-17,1.,0.));
#2961=IFCAXIS2PLACEMENT3D(#2958,#2959,#2960);
#2962=IFCLOCALPLACEMENT(#1648,#2961);
#2963=IFCCARTESIANPOINT((24.,14.,0.));
#2964=IFCDIRECTION((0.,0.,1.));
#2965=IFCDIRECTION((-1.,1.2246467991473532E-16,0.));
#2966=IFCAXIS2PLACEMENT3D(#2963,#2964,#2965);
#2967=IFCLOCALPLACEMENT(#1648,#2966);
#2968=IFCCARTESIANPOINT((4.9000000000000004,0.40000000000000002,0.));
#2969=IFCDIRECTION((0.,0.,1.));
#2970=IFCDIRECTION((1.,0.,0.));
#2971=IFCAXIS2PLACEMENT3D(#2968,#2969,#2970);
#2972=IFCLOCALPLACEMENT(#1648,#2971);
#2973=IFCCARTESIANPOINT((7.9000000000000004,3.8999999999999999,0.));
#2974=IFCDIRECTION((0.,0.,1.));
#2975=IFCDIRECTION((6.123233995736766E-17,-1.,0.));
#2976=IFCAXIS2PLACEMENT3D(#2973,#2974,#2975);
#2977=IFCLOCALPLACEMENT(#1648,#2976);
#2978=IFCCARTESIANPOINT((6.4000000000000004,6.,2.0999999999999996));
#2979=IFCDIRECTION((0.,0.,1.));
#2980=IFCDIRECTION((-1.,1.2246467991473532E-16,0.));
#2981=IFCAXIS2PLACEMENT3D(#2978,#2979,#2980);
#2982=IFCLOCALPLACEMENT(#1648,#2981);
#2983=IFCCARTESIANPOINT((0.,0.,-0.20000000000000018));
#2984=IFCDIRECTION((0.,0.,1.));
#2985=IFCDIRECTION((1.,0.,0.));
#2986=IFCAXIS2PLACEMENT3D(#2983,#2984,#2985);
#2987=IFCLOCALPLACEMENT(#1648,#2986);
#2988=IFCCARTESIANPOINT((0.,6.,0.));
#2989=IFCDIRECTION((0.,0.,1.));
#2990=IFCDIRECTION((1.,0.,0.));
#2991=IFCAXIS2PLACEMENT3D(#2988,#2989,#2990);
#2992=IFCLOCALPLACEMENT(#1648,#2991);
#2993=IFCCARTESIANPOINT((9.9000000000000004,3.8999999999999999,2.0999999999999996));
#2994=IFCDIRECTION((0.,0.,1.));
#2995=IFCDIRECTION((-1.,1.2246467991473532E-16,0.));
#2996=IFCAXIS2PLACEMENT3D(#2993,#2994,#2995);
#2997=IFCLOCALPLACEMENT(#1648,#2996);
#2998=IFCCARTESIANPOINT((17.600000000000001,13.6,0.));
#2999=IFCDIRECTION((0.,0.,1.));
#3000=IFCDIRECTION((-1.,1.2246467991473532E-16,0.));
#3001=IFCAXIS2PLACEMENT3D(#2998,#2999,#3000);
#3002=IFCLOCALPLACEMENT(#1648,#3001);
#3003=IFCCARTESIANPOINT((12.5,8.,0.));
#3004=IFCDIRECTION((0.,0.,1.));
#3005=IFCDIRECTION((-1.,1.2246467991473532E-16,0.));
#3006=IFCAXIS2PLACEMENT3D(#3003,#3004,#3005);
#3007=IFCLOCALPLACEMENT(#1648,#3006);
#3008=IFCCARTESIANPOINT((4.9000000000000004,0.40000000000000002,0.));
#3009=IFCDIRECTION((0.,0.,1.));
#3010=IFCDIRECTION((6.123233995736766E-17,1.,0.));
#3011=IFCAXIS2PLACEMENT3D(#3008,#3009,#3010);
#3012=IFCLOCALPLACEMENT(#1648,#3011);
#3013=IFCCARTESIANPOINT((15.800000000000001,13.6,0.));
#3014=IFCDIRECTION((0.,0.,1.));
#3015=IFCDIRECTION((-1.,1.2246467991473532E-16,0.));
#3016=IFCAXIS2PLACEMENT3D(#3013,#3014,#3015);
#3017=IFCLOCALPLACEMENT(#1648,#3016);
#3018=IFCCARTESIANPOINT((21.600000000000001,11.,0.));
#3019=IFCDIRECTION((0.,0.,1.));
#3020=IFCDIRECTION((-1.,1.2246467991473532E-16,0.));
#3021=IFCAXIS2PLACEMENT3D(#3018,#3019,#3020);
#3022=IFCLOCALPLACEMENT(#1648,#3021);
#3023=IFCCARTESIANPOINT((7.,0.40000000000000002,0.));
#3024=IFCDIRECTION((0.,0.,1.));
#3025=IFCDIRECTION((1.,0.,0.));
#3026=IFCAXIS2PLACEMENT3D(#3023,#3024,#3025);
#3027=IFCLOCALPLACEMENT(#1648,#3026);
#3028=IFCSPACE('1XkWwB9vvFCfELhe0bIPVz',$,'\X2\041A043E044004380434043E0440\X0\ 2-1',$,$,#3052,#3046,$,$,$,$);
#3034=IFCCARTESIANPOINT((0.,0.));
#3035=IFCCARTESIANPOINT((24.,0.));
#3036=IFCCARTESIANPOINT((24.,1.6000000000000001));
#3037=IFCCARTESIANPOINT((0.,1.6000000000000001));
#3038=IFCPOLYLINE((#3034,#3035,#3036,#3037,#3034));
#3039=IFCARBITRARYCLOSEDPROFILEDEF(.AREA.,$,#3038);
#3040=IFCDIRECTION((0.,0.,1.));
#3041=IFCCARTESIANPOINT((0.,0.,0.));
#3042=IFCAXIS2PLACEMENT3D(#3041,$,$);
#3043=IFCEXTRUDEDAREASOLID(#3039,#3042,#3040,2.3999999999999999);
#3044=IFCSHAPEREPRESENTATION(#11,'Body','SweptSolid',(#3043));
#3045=IFCPRODUCTDEFINITIONSHAPE($,$,(#3044));
#3046=IFCPRODUCTDEFINITIONSHAPE($,$,(#3045));
#3047=IFCRELAGGREGATES('31a$1FkdzFFhUZeJc3bA4$',$,$,$,#1643,(#3245,#3028,#3077,#3197,#3221,#3149,#3101,#3125,#3053,#3173));
#3048=IFCCARTESIANPOINT((0.,6.,0.));
#3049=IFCDIRECTION((0.,0.,1.));
#3050=IFCDIRECTION((1.,0.,0.));
#3051=IFCAXIS2PLACEMENT3D(#3048,#3049,#3050);
#3052=IFCLOCALPLACEMENT(#1648,#3051);
#3053=IFCSPACE('2g4P5UJPnFQuJClYycUczn',$,'\X2\041B043804440442\X0\ \X2\043F043004410441\X0\. 2-1',$,$,#3076,#3071,$,$,$,$);
#3059=IFCCARTESIANPOINT((0.,0.));
#3060=IFCCARTESIANPOINT((1.5,0.));
#3061=IFCCARTESIANPOINT((1.5,1.5));
#3062=IFCCARTESIANPOINT((0.,1.5));
#3063=IFCPOLYLINE((#3059,#3060,#3061,#3062,#3059));
#3064=IFCARBITRARYCLOSEDPROFILEDEF(.AREA.,$,#3063);
#3065=IFCDIRECTION((0.,0.,1.));
#3066=IFCCARTESIANPOINT((0.,0.,0.));
#3067=IFCAXIS2PLACEMENT3D(#3066,$,$);
#3068=IFCEXTRUDEDAREASOLID(#3064,#3067,#3065,3.);
#3069=IFCSHAPEREPRESENTATION(#11,'Body','SweptSolid',(#3068));
#3070=IFCPRODUCTDEFINITIONSHAPE($,$,(#3069));
#3071=IFCPRODUCTDEFINITIONSHAPE($,$,(#3070));
#3072=IFCCARTESIANPOINT((11.,6.5,0.));
#3073=IFCDIRECTION((0.,0.,1.));
#3074=IFCDIRECTION((1.,0.,0.));
#3075=IFCAXIS2PLACEMENT3D(#3072,#3073,#3074);
#3076=IFCLOCALPLACEMENT(#1648,#3075);
#3077=IFCSPACE('3rvWGXyaLD$xGpBsLxFlTW',$,'\X2\041B043504410442043D043804460430\X0\ 2-1',$,$,#3100,#3095,$,$,$,$);
#3083=IFCCARTESIANPOINT((0.,0.));
#3084=IFCCARTESIANPOINT((2.1000000000000001,0.));
#3085=IFCCARTESIANPOINT((2.1000000000000001,5.5));
#3086=IFCCARTESIANPOINT((0.,5.5));
#3087=IFCPOLYLINE((#3083,#3084,#3085,#3086,#3083));
#3088=IFCARBITRARYCLOSEDPROFILEDEF(.AREA.,$,#3087);
#3089=IFCDIRECTION((0.,0.,1.));
#3090=IFCCARTESIANPOINT((0.,0.,0.));
#3091=IFCAXIS2PLACEMENT3D(#3090,$,$);
#3092=IFCEXTRUDEDAREASOLID(#3088,#3091,#3089,3.);
#3093=IFCSHAPEREPRESENTATION(#11,'Body','SweptSolid',(#3092));
#3094=IFCPRODUCTDEFINITIONSHAPE($,$,(#3093));
#3095=IFCPRODUCTDEFINITIONSHAPE($,$,(#3094));
#3096=IFCCARTESIANPOINT((13.,4.5,0.));
#3097=IFCDIRECTION((0.,0.,1.));
#3098=IFCDIRECTION((1.,0.,0.));
#3099=IFCAXIS2PLACEMENT3D(#3096,#3097,#3098);
#3100=IFCLOCALPLACEMENT(#1648,#3099);
#3101=IFCSPACE('29rS7lrrP9yRQl7kJT9fmU',$,'\X2\0413043E044104420438043D0430044F\X0\ (\X2\043A0432\X0\.1 2\X2\041A\X0\)',$,$,#3124,#3119,$,$,$,$);
#3107=IFCCARTESIANPOINT((0.,0.));
#3108=IFCCARTESIANPOINT((4.5,0.));
#3109=IFCCARTESIANPOINT((4.5,5.5999999999999996));
#3110=IFCCARTESIANPOINT((0.,5.5999999999999996));
#3111=IFCPOLYLINE((#3107,#3108,#3109,#3110,#3107));
#3112=IFCARBITRARYCLOSEDPROFILEDEF(.AREA.,$,#3111);
#3113=IFCDIRECTION((0.,0.,1.));
#3114=IFCCARTESIANPOINT((0.,0.,0.));
#3115=IFCAXIS2PLACEMENT3D(#3114,$,$);
#3116=IFCEXTRUDEDAREASOLID(#3112,#3115,#3113,2.7000000000000002);
#3117=IFCSHAPEREPRESENTATION(#11,'Body','SweptSolid',(#3116));
#3118=IFCPRODUCTDEFINITIONSHAPE($,$,(#3117));
#3119=IFCPRODUCTDEFINITIONSHAPE($,$,(#3118));
#3120=IFCCARTESIANPOINT((0.40000000000000002,0.40000000000000002,0.));
#3121=IFCDIRECTION((0.,0.,1.));
#3122=IFCDIRECTION((1.,0.,0.));
#3123=IFCAXIS2PLACEMENT3D(#3120,#3121,#3122);
#3124=IFCLOCALPLACEMENT(#1648,#3123);
#3125=IFCSPACE('1o_IHrBrn0h8Y5ttJ7UME7',$,'\X2\041A04430445043D044F\X0\ (\X2\043A0432\X0\.1 2\X2\041A\X0\)',$,$,#3148,#3143,$,$,$,$);
#3131=IFCCARTESIANPOINT((0.,0.));
#3132=IFCCARTESIANPOINT((3.,0.));
#3133=IFCCARTESIANPOINT((3.,3.));
#3134=IFCCARTESIANPOINT((0.,3.));
#3135=IFCPOLYLINE((#3131,#3132,#3133,#3134,#3131));
#3136=IFCARBITRARYCLOSEDPROFILEDEF(.AREA.,$,#3135);
#3137=IFCDIRECTION((0.,0.,1.));
#3138=IFCCARTESIANPOINT((0.,0.,0.));
#3139=IFCAXIS2PLACEMENT3D(#3138,$,$);
#3140=IFCEXTRUDEDAREASOLID(#3136,#3139,#3137,2.7000000000000002);
#3141=IFCSHAPEREPRESENTATION(#11,'Body','SweptSolid',(#3140));
#3142=IFCPRODUCTDEFINITIONSHAPE($,$,(#3141));
#3143=IFCPRODUCTDEFINITIONSHAPE($,$,(#3142));
#3144=IFCCARTESIANPOINT((4.9000000000000004,0.40000000000000002,0.));
#3145=IFCDIRECTION((0.,0.,1.));
#3146=IFCDIRECTION((1.,0.,0.));
#3147=IFCAXIS2PLACEMENT3D(#3144,#3145,#3146);
#3148=IFCLOCALPLACEMENT(#1648,#3147);
#3149=IFCSPACE('3ywefjIC52qxU8m5oJCPQe',$,'\X2\0421043F0430043B044C043D044F\X0\ (\X2\043A0432\X0\.1 2\X2\041A\X0\)',$,$,#3172,#3167,$,$,$,$);
#3155=IFCCARTESIANPOINT((0.,0.));
#3156=IFCCARTESIANPOINT((2.5,0.));
#3157=IFCCARTESIANPOINT((2.5,3.5));
#3158=IFCCARTESIANPOINT((0.,3.5));
#3159=IFCPOLYLINE((#3155,#3156,#3157,#3158,#3155));
#3160=IFCARBITRARYCLOSEDPROFILEDEF(.AREA.,$,#3159);
#3161=IFCDIRECTION((0.,0.,1.));
#3162=IFCCARTESIANPOINT((0.,0.,0.));
#3163=IFCAXIS2PLACEMENT3D(#3162,$,$);
#3164=IFCEXTRUDEDAREASOLID(#3160,#3163,#3161,2.7000000000000002);
#3165=IFCSHAPEREPRESENTATION(#11,'Body','SweptSolid',(#3164));
#3166=IFCPRODUCTDEFINITIONSHAPE($,$,(#3165));
#3167=IFCPRODUCTDEFINITIONSHAPE($,$,(#3166));
#3168=IFCCARTESIANPOINT((7.9000000000000004,0.40000000000000002,0.));
#3169=IFCDIRECTION((0.,0.,1.));
#3170=IFCDIRECTION((1.,0.,0.));
#3171=IFCAXIS2PLACEMENT3D(#3168,#3169,#3170);
#3172=IFCLOCALPLACEMENT(#1648,#3171);
#3173=IFCSPACE('31tfVzMXr6LgDopdDSVxTz',$,'\X2\04210430043D044304370435043B\X0\ (\X2\043A0432\X0\.1 2\X2\041A\X0\)',$,$,#3196,#3191,$,$,$,$);
#3179=IFCCARTESIANPOINT((0.,0.));
#3180=IFCCARTESIANPOINT((2.,0.));
#3181=IFCCARTESIANPOINT((2.,2.6000000000000001));
#3182=IFCCARTESIANPOINT((0.,2.6000000000000001));
#3183=IFCPOLYLINE((#3179,#3180,#3181,#3182,#3179));
#3184=IFCARBITRARYCLOSEDPROFILEDEF(.AREA.,$,#3183);
#3185=IFCDIRECTION((0.,0.,1.));
#3186=IFCCARTESIANPOINT((0.,0.,0.));
#3187=IFCAXIS2PLACEMENT3D(#3186,$,$);
#3188=IFCEXTRUDEDAREASOLID(#3184,#3187,#3185,2.7000000000000002);
#3189=IFCSHAPEREPRESENTATION(#11,'Body','SweptSolid',(#3188));
#3190=IFCPRODUCTDEFINITIONSHAPE($,$,(#3189));
#3191=IFCPRODUCTDEFINITIONSHAPE($,$,(#3190));
#3192=IFCCARTESIANPOINT((4.9000000000000004,3.3999999999999999,0.));
#3193=IFCDIRECTION((0.,0.,1.));
#3194=IFCDIRECTION((1.,0.,0.));
#3195=IFCAXIS2PLACEMENT3D(#3192,#3193,#3194);
#3196=IFCLOCALPLACEMENT(#1648,#3195);
#3197=IFCSPACE('23c2xideL7UwbcVzXr_tR5',$,'\X2\0413043E044104420438043D0430044F\X0\ (\X2\043A0432\X0\.2 1\X2\041A\X0\)',$,$,#3220,#3215,$,$,$,$);
#3203=IFCCARTESIANPOINT((0.,0.));
#3204=IFCCARTESIANPOINT((5.,0.));
#3205=IFCCARTESIANPOINT((5.,5.5999999999999996));
#3206=IFCCARTESIANPOINT((0.,5.5999999999999996));
#3207=IFCPOLYLINE((#3203,#3204,#3205,#3206,#3203));
#3208=IFCARBITRARYCLOSEDPROFILEDEF(.AREA.,$,#3207);
#3209=IFCDIRECTION((0.,0.,1.));
#3210=IFCCARTESIANPOINT((0.,0.,0.));
#3211=IFCAXIS2PLACEMENT3D(#3210,$,$);
#3212=IFCEXTRUDEDAREASOLID(#3208,#3211,#3209,2.7000000000000002);
#3213=IFCSHAPEREPRESENTATION(#11,'Body','SweptSolid',(#3212));
#3214=IFCPRODUCTDEFINITIONSHAPE($,$,(#3213));
#3215=IFCPRODUCTDEFINITIONSHAPE($,$,(#3214));
#3216=IFCCARTESIANPOINT((13.6,8.,0.));
#3217=IFCDIRECTION((0.,0.,1.));
#3218=IFCDIRECTION((1.,0.,0.));
#3219=IFCAXIS2PLACEMENT3D(#3216,#3217,#3218);
#3220=IFCLOCALPLACEMENT(#1648,#3219);
#3221=IFCSPACE('0jvjKFkKj3IwqdQJcjnsys',$,'\X2\041A04430445043D044F\X0\ (\X2\043A0432\X0\.2 1\X2\041A\X0\)',$,$,#3244,#3239,$,$,$,$);
#3227=IFCCARTESIANPOINT((0.,0.));
#3228=IFCCARTESIANPOINT((3.,0.));
#3229=IFCCARTESIANPOINT((3.,3.));
#3230=IFCCARTESIANPOINT((0.,3.));
#3231=IFCPOLYLINE((#3227,#3228,#3229,#3230,#3227));
#3232=IFCARBITRARYCLOSEDPROFILEDEF(.AREA.,$,#3231);
#3233=IFCDIRECTION((0.,0.,1.));
#3234=IFCCARTESIANPOINT((0.,0.,0.));
#3235=IFCAXIS2PLACEMENT3D(#3234,$,$);
#3236=IFCEXTRUDEDAREASOLID(#3232,#3235,#3233,2.7000000000000002);
#3237=IFCSHAPEREPRESENTATION(#11,'Body','SweptSolid',(#3236));
#3238=IFCPRODUCTDEFINITIONSHAPE($,$,(#3237));
#3239=IFCPRODUCTDEFINITIONSHAPE($,$,(#3238));
#3240=IFCCARTESIANPOINT((18.600000000000001,8.,0.));
#3241=IFCDIRECTION((0.,0.,1.));
#3242=IFCDIRECTION((1.,0.,0.));
#3243=IFCAXIS2PLACEMENT3D(#3240,#3241,#3242);
#3244=IFCLOCALPLACEMENT(#1648,#3243);
#3245=IFCSPACE('0z$a4N9$92sAnKliUqLrhN',$,'\X2\04210430043D044304370435043B\X0\ (\X2\043A0432\X0\.2 1\X2\041A\X0\)',$,$,#3268,#3263,$,$,$,$);
#3251=IFCCARTESIANPOINT((0.,0.));
#3252=IFCCARTESIANPOINT((2.,0.));
#3253=IFCCARTESIANPOINT((2.,2.6000000000000001));
#3254=IFCCARTESIANPOINT((0.,2.6000000000000001));
#3255=IFCPOLYLINE((#3251,#3252,#3253,#3254,#3251));
#3256=IFCARBITRARYCLOSEDPROFILEDEF(.AREA.,$,#3255);
#3257=IFCDIRECTION((0.,0.,1.));
#3258=IFCCARTESIANPOINT((0.,0.,0.));
#3259=IFCAXIS2PLACEMENT3D(#3258,$,$);
#3260=IFCEXTRUDEDAREASOLID(#3256,#3259,#3257,2.7000000000000002);
#3261=IFCSHAPEREPRESENTATION(#11,'Body','SweptSolid',(#3260));
#3262=IFCPRODUCTDEFINITIONSHAPE($,$,(#3261));
#3263=IFCPRODUCTDEFINITIONSHAPE($,$,(#3262));
#3264=IFCCARTESIANPOINT((18.600000000000001,11.,0.));
#3265=IFCDIRECTION((0.,0.,1.));
#3266=IFCDIRECTION((1.,0.,0.));
#3267=IFCAXIS2PLACEMENT3D(#3264,#3265,#3266);
#3268=IFCLOCALPLACEMENT(#1648,#3267);
ENDSEC;
END-ISO-10303-21;
